Duration,Refund_Policy,Description,LowPrice,HighPrice,Currency,Organizer,EventStatus,StartTime,EndTime,Title,Subtitle,url,City,Ticket_Type
2 horas 30 minutos,Entre em contato com o organizador para solicitar um reembolso.,"Welcome to ‚ÄúRepublic of Comedy‚Äù, the new international comedy club in Lisbon‚Äôs growing comedy scene! Bringing shows with the best local and international comedians at Xafarix, a historic venue tucked away in the heart of the city. This week we are proud to feature ALI WOODS! Ali Woods (@aliwoodsgigs on Instagram and TikTok) is a half-English, half-Scottish comedian, featured on Comedy Central and the BBC. His hilariously relatable style has racked up hundreds of millions of views online, and after TWO years of sold out shows at the world famous Edinburgh Fringe, Ali is bringing his wonderful blend of heartfelt wit and love of football to Europe! Ali has sold out multiple theatre shows in London, including the taping of his debut stand up special. Book now to avoid disappointment! Mr. Woods will be supported by Thomas Henry for this not to be missed show! Some reviews for Ali: ‚ÄúIn a world of wannabes, Woods is the real deal‚Äù ‚Äî London Evening Standard ‚ÄúA brilliantly witty, funny, and relatable comedy gig delivered flawlessly by a new comedian‚Äù ‚Äî Everything Theatre ‚ÄúExpect to see big things from this rising star‚Äù ‚Äî The Wee Review ‚ÄúI was blown away by this comedy hour‚Äù ‚Äî Londontheatre ""It becomes immediately apparent why the show was sold out."" ‚Äî Deadline news",13,15,EUR,Republic of Comedy,https://schema.org/EventScheduled,2024-03-13T20:30:00Z,2024-03-13T23:00:00Z,Ali Woods: Live in Lisbon @ Republic of Comedy,Multi-viral comedy sensation Ali Woods comes to Lisbon for one night only!,https://www.eventbrite.pt/e/bilhetes-ali-woods-live-in-lisbon-republic-of-comedy-844577753797,lisbon,NA
2 hours,Contact the organizer to request a refund.,"Join us for a stimulating conversation with your lovely book club host, Andre, and other book lovers. Come for dinner or a natural wine, stay for the conversation and new friendships. Near a village high in the Pyrenees, Dom√®nec wanders across a ridge, fancying himself more a poet than a farmer, to ‚Äúreel off his verses over on this side of the mountain.‚Äù He gathers black chanterelles, attends to a troubled cow. And then storm clouds swell, full of electrifying power. Reckless, gleeful, they release their bolts of lightning, one of which strikes Dom√®nec. He dies. The ghosts of seventeenth-century witches gather around him, taking up the chanterelles he‚Äôd harvested before going on their merry ways. So begins this novel that is as much about the mountains and the mushrooms as it is about the human dramas that unfold in their midst. When I Sing, Mountains Dance, winner of the European Union Prize, is a giddy paean to the land in all its interconnectedness, and in it Sola finds a distinct voice for each extraordinary consciousness: the lightning bolts, roe deer, mountains, the ghosts of the civil war, the widow Si√≥ and later her grown children, Hilari and Mia, as well as Mia‚Äôs lovers with their long-buried secrets and their hidden pain. Irene Sol√† animates the polyphonic world around us, the fierce music of the seasons, as well as the stories we tell to comprehend loss and love on a personal, historical, and even geological scale. Lyrical, elemental, and mythic, hers is a fearlessly imaginative new voice that brilliantly renders both our tragedies and our triumphs. This book can be purchased at Fable. Fable - Cafe, Coffee, English Books, Rua dos Prazeres 10A, Lisbon, 1200-820 Fable is a wellness cafe and English bookshop in Lisbon. We offer colorful, wholesome meals, specialty coffee, natural wine, cold-pressed juice and a thoughtfully curated selection of both fiction and non-fiction books in English. We also host a medley of events and workshops, usually focused on creativity, wellness, book launch parties, and inclusive community gatherings. @fablelisbon We post updates, event invitations, and more!",6.56,6.56,EUR,Fable Cafe + English Bookstore,https://schema.org/EventScheduled,2024-03-13T19:00:00Z,2024-03-13T21:00:00Z,March's Modern Fiction Book Club at Fable,Our Modern Fiction Book Club is a monthly event at Fable Cafe for anyone who wants to discuss a recent novel with new friends.,https://www.eventbrite.pt/e/marchs-modern-fiction-book-club-at-fable-tickets-843546348837,lisbon,NA
2 hours,Contact the organizer to request a refund.,"Join us for a stimulating conversation with your lovely book club host, Iton, and other book lovers. Come for dinner or a natural wine, stay for the conversation and new friendships. ‚ÄúWelcome to the family,‚Äù Nina Winchester says as I shake her elegant, manicured hand. I smile politely, gazing around the marble hallway. Working here is my last chance to start fresh. I can pretend to be whoever I like. But I‚Äôll soon learn that the Winchesters‚Äô secrets are far more dangerous than my own‚Ä¶ Every day I clean the Winchesters‚Äô beautiful house top to bottom. I collect their daughter from school. And I cook a delicious meal for the whole family before heading up to eat alone in my tiny room on the top floor. I try to ignore how Nina makes a mess just to watch me clean it up. How she tells strange lies about her own daughter. And how her husband Andrew seems more broken every day. But as I look into Andrew‚Äôs handsome brown eyes, so full of pain, it‚Äôs hard not to imagine what it would be like to live Nina‚Äôs life. The walk-in closet, the fancy car, the perfect husband. I only try on one of Nina‚Äôs pristine white dresses once. Just to see what it‚Äôs like. But she soon finds out‚Ä¶ and by the time I realize my attic bedroom door only locks from the outside, it‚Äôs far too late. But I reassure myself: the Winchesters don‚Äôt know who I really am. They don‚Äôt know what I‚Äôm capable of‚Ä¶ An unbelievably twisty read that will have you glued to the pages late into the night. Anyone who loves The Woman in the Window, The Wife Between Us and The Girl on the Train won‚Äôt be able to put this down! This book can be purchased at Fable. Fable - Cafe, Coffee, English Books, Rua dos Prazeres 10A, Lisbon, 1200-820 Fable is a wellness cafe and English bookshop in Lisbon. We offer colorful, wholesome meals, specialty coffee, natural wine, cold-pressed juice and a thoughtfully curated selection of both fiction and non-fiction books in English. We also host a medley of events and workshops, usually focused on creativity, wellness, book launch parties, and inclusive community gatherings. @fablelisbon We post updates, event invitations, and more!",6.56,6.56,EUR,Fable Cafe + English Bookstore,https://schema.org/EventScheduled,2024-03-13T19:00:00Z,2024-03-13T21:00:00Z,March's Cozy Mystery Book Club at Fable,Our Cozy Mystery Book Club is a monthly event at Fable Cafe for anyone who wants to discuss easy-to-devour mystery and crime novels.,https://www.eventbrite.pt/e/marchs-cozy-mystery-book-club-at-fable-tickets-843558324657,lisbon,NA
1 hour,Contact the organizer to request a refund.,"Lisbon Women Circle is inviting you to a new round of this celebrated gathering, where we reconnect to our womanhood, feminine power and authenticity. We start this year's circles with a theme that was chosen by you and created especially for you. ****Slow down the time**** The next circle is going to be all about winding down and managing time in a very powerful way! Take a break from your super busy life and overwhelm about running out of time and be suprised by a workshop where you will learn how to master the time (instead of time mastering you)! You will understand deeply the dimension of time, how to focus on your big vision and learn how to celebrate each moment in time with respect and full presence. ""Time is what prevents everything from happening at once"" - Albert Einstein 4th March Circle Theme: Slow down the time Program: 18:00 Circle opener with breathwork & visualisation 18:10 Master the time short workshop 18: 30 Set your big vision & priorities with the Butterfly model‚Ñ¢ 18:50 Goodnight grooves More about Lisbon Women Circle Lisbon Women Circle is an in-person event and a celebration of womanhood, feminine power and authenticity. It is a safe space where you can take a break from the hustle and bustle of everyday and enjoy a cozy and welcoming atmosphere. We gather without any judgement and welcome fellow badass women with open arms. This is a space wher you can connect with like-minded women or simply take some time for yourself. It is also a space where you can take off your professional mask and be free to just be. Each circle brings you more and more back to your true essence, so the more you take part in the circles, the stronger and deeper you reconnect with yourself and your precious femininity! Candles, warm & cosy surrounding and great music selection will leave you inspired and empowered. The power of a woman's circle is pure energy & magic, so don't miss out on this fabulous opportunity to unwind, reset and reconnect. Mark your calendars and be a part of the Lisbon Women Circle at Lisbon Wellness. Come as you are and leave ready to shine your light bright. Philosophy Lisbon Women Circle is a regular event aimed at reconnecting with yourself and each other with a pure heart, open mind and bodily presence. The spirit of the circle is the one of deep connection and freedom in being your authentic self. Living and working in large cities can lead to stress, loneliness and disconnection. This circle is an empowering tool for stepping back fully into your feminine energy and to re-energise with a clear intention and focus. It is a celebration of womanhood, it is an initiation into sisterhood. The circle is facilitated by Alenka, owner at GlamorousYou Coaching ‚àÜ Therapy ‚àÜ Events and periodically co-hosted by fellow guests. Alenka Alenka is a former corporate finance executive with a successful 20-year career turned entrepreneur and empowerment coach for she-leaders. She guides ambitious women in reconnecting to their authentic presence and fully embody their feminine superpower by avoiding burnout and leading an authentically fulfilling life. Alenka practices coaching, therapy, energy healing and promotes fulfilling, joyful and abundant ways of living as well as ethical entrepreneurship. She is a music and dance enthusiast and is passionate about travel, oracle cards and feminine archetypes. Alenka is the founder of GY GlamorousYou Coaching ‚àÜ Therapy ‚àÜ Events: www.gycoaching.com Policy The event is non-refundable. The host asks you to arrive a few minutes before the start of the circle to facilitate the grounding and re-connection. Late arrivals may disturb this process, so please be sensitive to the timing.",6.56,11.89,EUR,Alenka ‚àÜ GlamorousYou Coaching ‚àÜ Therapy ‚àÜ Events,https://schema.org/EventScheduled,2024-03-13T19:30:00Z,2024-03-13T20:30:00Z,Lisbon Women Circle > Slow down the time,Unwind in a cosy environment with fellow badass women and practice doing more in less time with a one of a kind workshop on mastering time,https://www.eventbrite.pt/e/lisbon-women-circle-slow-down-the-time-tickets-851404903987,lisbon,NA
3 hours,Contact the organizer to request a refund.,"The workshop will be a creative exploration of how the principles of collage can be used to inspire and structure creative writing and how ideas of fictional narrative can feed into visual collage. We'll work alone and/or in pairs to create picture collages to inspire storytelling, write stories through collaged image and text and set up conversations between the two. You can have an idea you'd like to write about in mind if you like. No experience of either form is required, just a desire to play. About your host: Rachael is a dramatist for stage and radio, fiction writer and literary translator from the UK, based in Portugal since 2012. She's delivered workshops in playwriting, writing for organisations and creative writing for academics in the UK and Portugal. Her published work includes The Lemon Princess (play) and Fair Trade Heroin (novel). She's also an enthusiastic amateur collagist. >> website Collage Working Club (CWC) is a weekly open workspace for artists working in the medium of paper. Organised in the format of alternate ‚Äòdrop in‚Äô sessions and workshops masterclasses, it has both a regular facilitator, whilst also involving the artist community in the sharing of knowledge and skills. Providing materials, education and connections is the primary aim of CWC, and it will do this through the interdisciplinary art of collage as both an art form and a tool for personal growth. www.collageworking.club",25,25,EUR,Collage Working Club,https://schema.org/EventScheduled,2024-03-13T16:00:00Z,2024-03-13T19:00:00Z,"WORKSHOP: ""Creative writing and collage"" with writer Rachael McGill",how can the principles of collage inspire and structure creative writing and fictional narrative..and vice versa!,https://www.eventbrite.pt/e/workshop-creative-writing-and-collage-with-writer-rachael-mcgill-tickets-807782026787,lisbon,NA
NA,Contact the organizer to request a refund.,NA,106.92,106.92,EUR,Cozymeal,https://schema.org/EventScheduled,2024-03-13T09:00:00Z,2024-03-13T12:00:00Z,Signature Flavors of Lisbon - Food Tours by Cozymeal‚Ñ¢,"Learn all about Lisboa's incredible culture while enjoying the city's favorite fare with Cozymeal! Join the upcoming food tour, ‚ÄúSignature Flavors of Lisbon‚Äù, with Guide Charlie or Local Guide for a fun 3-hour experience with 7 tastings along the way.Cozymeal offers a variety of culinary experiences, including cooking classes, team building activities, food tours and private chef services. We‚Äôll give you a unique, unforgettable experience hosted by incredible chefs and guides in over 70 cities across the U.S. and Canada. Book a culinary experience with Cozymeal and let theus take care of the rest.For additional information and dates visit Signature Flavors of Lisbon",https://www.eventbrite.com/e/signature-flavors-of-lisbon-food-tours-by-cozymealtm-tickets-801820405417,lisbon,Sold out
NA,Contact the organizer to request a refund.,NA,91.97,91.97,EUR,Cozymeal,https://schema.org/EventScheduled,2024-03-13T09:00:00Z,2024-03-13T12:00:00Z,Essential Eats and Sips in Lisbon - Food Tours by Cozymeal‚Ñ¢,"Learn all about Lisboa's incredible culture while enjoying the city's favorite fare with Cozymeal! Join the upcoming food tour, ‚ÄúEssential Eats and Sips in Lisbon‚Äù, with Guide Charlie or Local Guide for a fun 3-hour experience with 7 tastings along the way.Cozymeal offers a variety of culinary experiences, including cooking classes, team building activities, food tours and private chef services. We‚Äôll give you a unique, unforgettable experience hosted by incredible chefs and guides in over 70 cities across the U.S. and Canada. Book a culinary experience with Cozymeal and let theus take care of the rest.For additional information and dates visit Essential Eats and Sips in Lisbon",https://www.eventbrite.com/e/essential-eats-and-sips-in-lisbon-food-tours-by-cozymealtm-tickets-801820445537,lisbon,Sold out
2 hours,Contact the organizer to request a refund.,"The oil is ideal for creating paintings that are completely different in style and plot ‚Äì from abstractionism to hyperrealism. You will learn the essential painting techniques and the different ways to apply it in different painting styles.After learning the approaches and tricks during this course you will be able to explore your own ideas and create your unique artworks. Duration: 6 sessions of 2 hours. All materials, coffee/tea are included in the price. To find more information and reserve your seat you can here: https://artzone-global.com/oil-painting-course The reservation will be confirmed only after the payment. If you have questions please contact us through WhatsApp +351 91 303 72 33 or e-mail: hello.artzone@gmail.com",193.39,193.39,EUR,ArtZone Global,https://schema.org/EventScheduled,2024-03-13T18:30:00Z,2024-03-13T20:30:00Z,MEETING THE OIL course for beginners - 6 sessions,Express course for those who want to get acquainted with the most classic artistic material - oil paints.,https://www.eventbrite.pt/e/meeting-the-oil-course-for-beginners-6-sessions-tickets-860364452237,lisbon,NA
2 hours,Contact the organizer to request a refund.,"‚ÄúInformation architecture is the art of making the complex appear simple, the disordered appear ordered. It‚Äôs like being a digital Marie Kondo, but instead of tidying houses, we‚Äôre tidying websites.‚Äù What is this Mindshop‚Ñ¢ about? Welcome to the future of information organization and accessibility! ""Introduction to Information Architecture in the Digital AI Age"" is a beginner-level mindshop designed to empower you with the essential knowledge and skills needed to navigate and shape the digital landscape in the era of Artificial Intelligence (AI). Overview: you will embark on a journey to understand the foundational principles of information architecture (IA) while embracing the transformative influence of AI on how information is structured, searched, and utilized. Whether you're an aspiring information architect, a content strategist, or simply intrigued by the evolving digital world, this course is your gateway to mastering IA in the context of AI-driven technologies. Learning objectives: Most suitable for? Mindshop Format: a dynamic blend of interactive lectures, hands-on exercises, group discussions, and case studies. You'll have the opportunity to collaborate with peers on AI-powered IA projects and gain practical insights into emerging AI trends. A certificate of completion is offered upon request* Prerequisites: No prior experience in information architecture or AI is required. A passion for optimizing information access and a curiosity about AI's impact on our digital world are all you need to embark on this exciting learning journey. Join us as we explore the cutting-edge fusion of information architecture and Artificial Intelligence. Enroll now to shape the future of information organization and user experiences in the digital AI age. 6 ,000+ Alumni & countin', thank YOU! Welcome aboard!üöÄ",77.77,99.99,USD,"Kat Usop, MSHI",https://schema.org/EventScheduled,2024-03-13T19:00:00Z,2024-03-13T21:00:00Z,MINDSHOP‚Ñ¢| Information Architecture in the Digital AI Age,"User-centric IA is not just about organizing content; it's about orchestrating a symphony of user needs, expectations, harmonized by AI",https://www.eventbrite.com/e/mindshoptm-information-architecture-in-the-digital-ai-age-tickets-811299206767,lisbon,NA
NA,No Refunds,"Innovation promises rapid acceleration and exponential production in important areas such as prevention, personalized care, and more efficient proactive tech-enabled care platforms, and additional creative tech-enabled options for effective health interactions. In this masterclass, we will explore the current landscape of Innovation in Healthcare with its Opportunities and Challenges. ‚úîÔ∏èWhat type of innovation is needed and why? ‚úîÔ∏èIn-depth discussion on the exponential growth of innovation in healthcare ‚úîÔ∏èWhat could be potential challenges for developers entering the health innovation sphere? Digital Health Entrepreneurs, Founder Team Designers and Product Owners working directly with the Digital Health Industry Consultants who want to venture into the Digital Health Sphere I‚Äôm Kat! I share my knowledge and expertise in building digital products and businesses. You are at the right place if you face these problem(s): ‚úîÔ∏èYou have a big dream to build a digital product but is at a cross-road as to how to go about it ‚úîÔ∏èYou are afraid of failing and want to armor up with necessary skill-set ‚úîÔ∏èYou aspire to shift career towards a more digitally-oriented industry but you are not sure how to start ‚úîÔ∏èYou want to be competent in your workplace with creative problem solvingI help ambitious careerists and entrepreneurs in building their arsenal towards creative problem solving, authentic product design and development.  Industrial Experience: Academic Background: #KeepHustling! Linkedin:¬†https://www.linkedin.com/in/katanai Website: katusop.com Twitter: @itskatusop",77.77,77.77,USD,"Kat Usop, MSHI",https://schema.org/EventScheduled,2024-03-13T19:00:00Z,2024-03-13T22:00:00Z,KLINIKUM| Healthcare Innovation Trends,Innovation promises rapid acceleration and exponential production in better healthcare delivery. Stay updated with our mindshop series!,https://www.eventbrite.com/e/klinikum-healthcare-innovation-trends-tickets-606681238917,lisbon,Sold out
NA,Contact the organizer to request a refund.,"Welcome to ChiliBangs: Unlocking the Power of Web3 for Unforgettable Experiences! ‚õì Web3 Wednesdays Telegram | üå∂ Chili Community Telegram Who are we? Welcome to ChiliBangs, a community in Lisbon that creates unforgettable experiences for events and Web3 projects. They welcome everyone who shares their passion for decentralized solutions, including visionaries, developers, investors, artists, and blockchain enthusiasts. With exceptional customer service, innovative ideas, and attention to detail, ChiliBangs can take your event to the next level and offer an authentic community spirit. Web3 Wednesday Lx is an inclusive event that brings together the ChiliBangs community and individuals from the Web3 space. Attendees can enjoy panel discussions, project presentations, exhibitions, music, and arts. The event aims to facilitate meaningful connections and collaboration between members of these two communities, showcasing innovative work in the Web3 space and promoting a deeper understanding of the potential of blockchain and decentralized systems. Overall, Web3 Wednesday is a successful and impactful event that brings together individuals from diverse backgrounds. WE ARE BACK! After a brief pause to recharge our energies, Web3 Wednesday and its many surprises are back! 5PM till 8PM ‚Äì Drinks & Networking üìç Find Us at LIMAO BY THOLLA- 18 Rua da Boavista ‚è∞ Come early and come plenty so you don't miss All the Founders. üå∂ Let's go to the biggest web3 community in Portugal and on the way to be the biggest in Europe.",0,38.59,EUR,ChiliBangs,https://schema.org/EventScheduled,2024-03-13T17:00:00Z,2024-03-14T00:00:00Z,Web3 Wednesday Lx,"""Join us every Wednesday and get to know the people behind the cool PFPs - they might just become your new BFFs!""",https://www.eventbrite.pt/e/web3-wednesday-lx-registration-594906600657,lisbon,Sold out
NA,Contact the organizer to request a refund.,"CÔªøOURSE AGENDA:  WÔªøHO IS THIS FOR? TÔªøAKEAWAYS WITH THE COURSE:  AÔªøBOUT ALGORYTHM ACADEMY: AÔªølgorythm Academy is an online learning platform that prepares students for the Industry's most sought-after skills in AI, Data Science, Algorithm Design and Coding. Algorythm Academy fosters a strong network amongst its  Alumni. Also, it conducts frequent industry-based case challenges for existing and past students. Algorythm Academy's mission is all about making sure you are ready to take on any data challenge!",70.92,105.48,USD,"Kat Usop, MSHI",https://schema.org/EventScheduled,2024-03-13T19:00:00Z,2024-03-13T22:00:00Z,ALGORYTHM‚Ñ¢|Data Science vs Artificial Intelligence: Clarify Your Doubts,"""The Technology you use impresses no one. The experience you create with it is everything"" ¬†‚Äì Sean Gerety",https://www.eventbrite.com/e/algorythmtmdata-science-vs-artificial-intelligence-clarify-your-doubts-tickets-645811699177,lisbon,Sold out
NA,Contact the organizer to request a refund.,"More often than we want to admit, as Startups,¬† we either over-engineer or under-engineer a product and discover it's a little too late to deploy it to the early adopters who have the final say of whether it is a viable, desirable or feasible to use your product for their specific needs. In this mini online class, we will discuss the pragmatics of actually deploying a viable product to your early adopters so to validate your market share. Let's talk experience! 1. What is Minimum Viable Thinking (MVT)? 2. How to transmit MVT output to deploying Minimum Viable Products? (Techniques and Strategies) 3. Foundations of a foolproof Minimum Viable Product Roadmapping What you will receive: ‚úî 1.5 ‚Äì 2.00 hours of an instructor-led pre-recorded class ‚úî Personalized Q&A discussion ‚úî Certificate of Completion¬† ‚úî Recording and Hand out materials for later viewing (If you can't make it, no worries. You will receive this post-class) Who should attend? Why Me? I help ambitious careerists and entrepreneurs in building their arsenal towards creative problem solving, authentic product design and development. My masterclasses are highly interactive and personalized. I look forward to having you onboard! ¬† Industrial Experience: Lab Manager (R&D) at Duke University ‚Äì Pratt School of Engineering Former Adjunct University Lecturer at ENSET Biomedical Engineering School at the age of 23. ""How to Gamify a Virtual Surgical Workspace"" Talk at (VRVoice2018) Harvard Medical School Co-Founder of TechVerse Coworking Space & Incubator, Rabat City, Morocco ‚Äì the first tech-oriented coworking space in the kingdom. est. 2016 HIT | Design Thinking Consultant at Medverselab est. 2016 Chief Software Architect of Sutures App ‚Äì Gamified Gastro-intestinal e-Surgery Simulator (Check it out! ) est. 2016 Chief Design Thinker / Information Architect at Sinclair School of Nursing ‚Äì HEAR App est. 2017 Research Fellow at the University of Missouri‚Äôs Center for Biomedical Informatics - focus on Mobile Based & Gamified Precision Medicine est. 2018 Design Thinker (mHealth) for Precision Medicine ¬†  Academic Background:  Peer Reviewer at IEEE Journal of Biomedical & Health Informatics (JBHI) Peer Reviewer at Journal for Medical Internet Research (JMIR) Public Speaker: USA, Hong Kong, Malaysia, Morocco, Philippines (+30 talks)  Author of ""Gamified Psychosphere"" ¬†- available on Google books/amazon kindle @ 2019 Holder of Engineering Diploma in Manufacturing Engineering and Management with Specialization in Biomedical Engineering  Advanced Degree (MS) in Health Informatics ‚Äì Translational Personalized Medicine Apps #KeepHustling! Linkedin: ¬†https://www.linkedin.com/in/katanai/ Website: katusop.com Twitter: @itskatusop",77.77,77.77,USD,"Kat Usop, MSHI",https://schema.org/EventScheduled,2024-03-13T22:00:00Z,2024-03-14T01:00:00Z,Startups: Develop Innovative Product with Minimum Viable Thinking,"‚ÄúGood companies manage Engineering. Great companies manage Product.‚Äù
‚Äì Thomas Schranz, Founder and CEO of Blossom",https://www.eventbrite.com/e/startups-develop-innovative-product-with-minimum-viable-thinking-tickets-657101356847,lisbon,Sold out
NA,Refunds up to 30 days before event,"In many startups,¬† there is a lack of understanding between what the business development folks are doing and what the product developers are doing. The goal here is to create harmony between the two because if it doesn‚Äôt exist, disaster will strike. If the concept that the business developers are peddling to the end-user doesn‚Äôt line up with the realities of development capabilities or timing, you‚Äôre going to be hitting a rock bottom sooner than you anticipate. In this course, learn to find the balance between business development and product development. The key aspects of effective Product Ownership include: Having a skilled and dedicated product owner can significantly contribute to the success of a product or service by providing a clear product vision, efficient decision-making, stakeholder alignment, and a user-centric approach, among other benefits. Highly recommended pre-requisite:¬†¬†Create better products with design thinking (FUNDAMENTALS) ~ visit katusop.com Limited Slots to 15 Attendees for Quality Q&A This course includes: ‚úîÔ∏èDownloadable source material(s)¬† ‚úîÔ∏èFull lifetime self-paced course access ‚úîÔ∏èCertificate of Participation (powered by The Mindshop School Program) ‚úîÔ∏èA chance for a free ticket to other workshops/masterclass under The Mindshop Innovation School WHY ME? I support ambitious careerists and entrepreneurs in building their arsenal towards creative problem solving, authentic product design and development.  #KeepHustling!  LinkedIn: https://www.linkedin.com/in/katanai/  BLOG: www.katusop.com  TWTR: @itskatusop",49.77,49.77,USD,"Kat Usop, MSHI",https://schema.org/EventScheduled,2024-03-13T19:00:00Z,2024-03-13T22:00:00Z,MINDSHOP‚Ñ¢| Become an Efficient Product Owner,"‚ÄúBe stubborn on vision but flexible on details.‚Äù‚Äì Jeff Bezos, Amazon",https://www.eventbrite.com/e/mindshoptm-become-an-efficient-product-owner-tickets-619678855137,lisbon,Sold out
NA,Contact the organizer to request a refund.,"Fado is portuguese‚Äôs most traditional music and it has been recognized as Unesco‚Äôs immaterial cultural heritage. It is usually performed by a lead singer (the fadista) and 2 portuguese guitar players. This instrument has 12 strings, which are responsible for a unique sound. One which you can listen to, while you walk through the most traditional parts of Lisbon. But don‚Äôt think, not even for a second, it is old people music! More recent fadistas have traveled the World, singing a new way of Fado, which excites young people as well as older. It is a somewhat timeless music. On our Fado Tour, you will enjoy a magical Fado experience, in a true Fado house and restaurant. Our local guide will take you through the history of Fado, for you to understand its origins and connection with our culture. Also, it will translate the lyrics, so you fully understand its meaning ‚Äì but let‚Äôs be honest, you don‚Äôt need to understand the lyrics, you will understand the music just by feeling it. AÔªønd while you enjoy the show you will also get a taste of our gastronomy with a typicall portuguese dinner. After all, we wouldn‚Äôt be real Portuguese if we didn‚Äôt offer great food on each and every opportunity! TÔªøhe tour includes:",39.9,39.9,EUR,Wild Walkers Tours,https://schema.org/EventScheduled,2024-03-12T19:00:00Z,2024-03-12T21:00:00Z,Fado Experience - Live Fado Show w/ Portuguese Dinner,Join this incredible portuguese experience by listening to UNESCO Heritage Fado music with a delicious traditional dinner & drinks included.,https://www.eventbrite.pt/e/fado-experience-live-fado-show-w-portuguese-dinner-tickets-681721466257,lisbon,Sold out
NA,Contact the organizer to request a refund.,"In the heart of Lisbon, your traditional Fado music house, offering a daily live Fado show in the evenings. An intimate Fado music experience with our amazing Fado artists. Live Fado concert with two Fadistas accompanied by the unique Portuguese guitar and classic guitar. An authentic traditional music concert with a small group of audince without microphones. Includes a short informative video section about Fado and great fado artists. Enjoy with a glass of Port wine, complimentary. Must see in Lisbon! Children under the age of 4 years not allwed.  PÔªøets not allowed.",14,19.9,EUR,Lisboa em Fado,https://schema.org/EventScheduled,2024-03-12T18:00:00Z,2024-03-12T18:55:00Z,Lisboa em Fado - Intimate Live Fado Music Show with Port wine in Lisbon,An authentic Fado concert in  Lisbon  with four amazing Fado artist. Experience an intimate Fado music evening in Lisbon. Must see!,https://www.eventbrite.pt/e/lisboa-em-fado-intimate-live-fado-music-show-with-port-wine-in-lisbon-tickets-605047061047,lisbon,Sold out
NA,No Refunds,"Fado is one of the most famous characteristics from Lisbon - not only a sad song, but a representation of the spirit of Portuguese mentality - you will feel goosebumps while feeling this experience for the first time.  You are gonna be experiencing a Fado show, one drink to enjoy with appetizers throughout the show in a typical Portuguese restaurant, hear legendary stories all while being assisted by an expert local guide.It is said that fado combines nostalgia, Portuguese pride, and hope, in a musical style epitomized by Am√°lia Rodrigues. Due to its cultural importance and unique style, this musical form was declared part of the Intangible Cultural Heritage of Humanity by UNESCO. Fado definitely makes you feel something when listening to it, and is definitely an experience that we highly recommend! Other things to note On the event day, look for our team (yellow umbrellas/hoodies) in the middle of Camoes square. If you can`t find us, please call +351932060800. If you are not able to participate in our event, you should let us know at least 24 hours before as we won't be able to make refunds if you don't show up.",35,35,EUR,Discover Lisbon - Tours & Crawls,https://schema.org/EventScheduled,2024-03-13T19:00:00Z,2024-03-13T22:00:00Z,Authentic Fado Experience,"Fado is one of the most famous characteristics from Lisbon - not only a sad song, but a representation of the spirit of Portugual",https://www.eventbrite.pt/e/authentic-fado-experience-tickets-76949314471,lisbon,Sold out
NA,Contact the organizer to request a refund.,"‚ÄòDinner and a movie‚Äô is so 2021! Especially when the movie is now played out in the real-world. Let us explain! The route you‚Äôre going to follow in the city is sprinkled with charming and picturesque places, fun clues and challenges, and romantic stories of past and present. The experience will play out like you‚Äôre the main characters of a movie, only that you‚Äôre experiencing everything in first person! Fun dialogue, intrigue, and unexpected interactions are guaranteed. Play a city game in Lisbon‚Äôs medieval district and go on a walking tour filled with narrow alleys, fado music, opulent buildings, and breathtaking lookout points, all brimming with history. Follow clues and solve puzzles and unravel Alfama‚Äôs past, one of the oldest neighbourhoods in Lisbon. Are you ready to solve this mystery? HOW IT WORKS‚ùì 1. Book your tickets üé´ 2. Download the Questo app - it's free üì≤ 3. Head to the starting pointüìç WHAT YOU‚ÄôLL DO The game is an interactive activity where you are guided by a mobile app through the city. With it, you follow directions and solve very fun puzzles, riddles, and cryptic codes. During the game, you will also visit popular and hidden places in the city while learning fun (and we mean it) stories about them. This is a storytelling experience just as much. The people doing these city exploration games gave them an average rating of 4.7/5 around the world. Join the playground too! ------------------ More about Questo üö∂‚Äç‚ôÄÔ∏è Questo is an urban entertainment platform offering thematic real-world exploration games. It is currently available in over 130 cities üåé and has entertained hundreds of thousands of players already. As of today, the app offers more than 300 different experiences created by a growing network of local content creators and event organizers.",9.99,29.99,EUR,Questo - City Exploration Games,https://schema.org/EventScheduled,2024-03-12T14:00:00Z,2024-03-12T15:30:00Z,Lisbon: Fado Murder Mystery in Alfama - Outdoor Escape Game,"If you‚Äôre looking for a new and exciting way of spending time with your one and only, family or friends, this is your Eureka moment!",https://www.eventbrite.com/e/lisbon-fado-murder-mystery-in-alfama-outdoor-escape-game-tickets-478043740697,lisbon,Sold out
NA,Contact the organizer to request a refund.,"Play a city game to discover the strange events of Lisbon, one of the oldest European capital cities. You‚Äôll learn about the cultures that are still in today‚Äôs Lisbon, sometimes forgotten but more often dissimulated, such as Greeks, Carthaginians, Romans, Visigoths, Moors and Portuguese. Are you ready to find out this city‚Äôs mysteries? The route you‚Äôre going to follow in the city is sprinkled with unique places, fun clues and challenges, and incredible stories. The experience will play out like you‚Äôre the main characters of a movie, only that you‚Äôre experiencing everything in first person! Fun dialogue, intrigue, and unexpected interactions are guaranteed. HOW IT WORKS‚ùì 1. Book your tickets üé´ 2. Download the Questo app - it's free üì≤ 3. Head to the starting pointüìç WHAT YOU‚ÄôLL DO The game is an interactive activity where you are guided by a mobile app through the city. With it, you follow directions and solve very fun puzzles, riddles, and cryptic codes. During the game, you will also visit popular and hidden places in the city while learning fun (and we mean it) stories about them. This is a storytelling experience just as much. The people doing these city exploration games gave them an average rating of 4.7/5 around the world. Join the playground too! ------------------ More about Questo üö∂‚Äç‚ôÄÔ∏è Questo is an urban entertainment platform offering thematic real-world exploration games. It is currently available in over 150 cities üåé and has entertained hundreds of thousands of players already. As of today, the app offers more than 400 different experiences created by a growing network of local content creators and event organizers.",9.99,29.99,EUR,Questo - City Exploration Games,https://schema.org/EventScheduled,2024-03-12T14:00:00Z,2024-03-12T15:30:00Z,Lisbon Outdoor Escape Game: Strange Events,"Follow clues, solve puzzles, discover new places and learn incredible stories of the city's past and present during this city adventure.",https://www.eventbrite.com/e/lisbon-outdoor-escape-game-strange-events-tickets-655650176327,lisbon,Sold out
NA,Refunds up to 1 day before event,"The first and biggest Pub Crawl is back in town! We started crawling in 2009 and since then we met thousands of fellow travellers. If you want to be part of the first and biggest Pub Crawl in town join our enthusiastic guides for a night you probably won't remember with people you will never forget ;) If nightlife is your scene, join our Lisbon Pub crawl!¬† We've been doing this for over a decade now, as a result we got pretty good at it! Your experience here will not be complete until you get lost in our picturesque streets, and have an caneca or two (our word for pint)* because what happens in Lisbon stays in Lisbon ;-) Bairro Alto will be the host, together with our local guides. It is the city center for nightlife, with pubs in every corner and music for everyone. Meet fellow travelers from all over the World and come party with the 1st and best pub crawl in the city! What‚Äôs included: Just look for the RED umbrella with the WILD WALKERS TOURS logo at Luis de Camoes square in front of the statue @ 10pm. We also offer private, stag or hen parties - please contact us for a quote.",19,19,EUR,Wild Walkers Tours,https://schema.org/EventScheduled,2024-03-12T22:00:00Z,2024-03-13T02:00:00Z,Lisbon Wild Pub Crawl (with 1 hour of unlimited beer and sangria),Discover Lisbon¬¥s nightlife and meet fellow travellers from all over the world by joining the first and biggest Pub Crawl in Portugal!,https://www.eventbrite.pt/e/lisbon-wild-pub-crawl-with-1-hour-of-unlimited-beer-and-sangria-tickets-547692331507,lisbon,Sold out
NA,Refunds up to 7 days before event,"Synthesis of the human Mind Our internal world drives our external world. Our ability to use our mind determines how well we can control our external realities. What you may not know is that our Minds have an identity. Creating an Identity of mind allows us to direct our external world intentionally. The language we use to run our lives is one dimensional, which creates needless limitations. Our minds work best in a multidimensional language. Learning how to access your minds resources correctly will enable you to create a life beyond who we desire to be. Our vocabulary, are words we use internally to motivate change, but instead of encouraging us, the imperfections in our speech and articulation restrict access to our minds. There is no synchronicity between the one-dimensional language in our speech and the 4 th dimension of the mind. If you‚Äôre not using the correct language of the mind, the mind disengages where we become confused. We don‚Äôt have the language to describe the life that we want in a way that the mind accepts, understands, and can utilise. Mind ReMapping is a language illuminating an internal identity, so that we no longer need to be afraid of the dark, neither do we need to be afraid of our minds and what the future holds for us. Meta Tech Organica ‚Äì Excited about Dimensions of LIVING D0 ‚Äì Orientation ‚Äì Who you are & who you are NOT. D1 ‚Äì Point of Focus ‚Äì What Where When Why & How to SEE. D2 ‚Äì Objectification ‚Äì Finding Imagination. D3 ‚Äì Understanding ‚Äì 4 Dimensions of Quadrilateral Thinking D4 ‚Äì TIME ‚Äì Mind ReMapping.(Cognitive Positioning System) Thank you for your patience. Mind ReMapping N.B. ALL EVENTS ARE ONLINE",14.99,44.99,GBP,Gavin  Gooden,https://schema.org/EventScheduled,2024-03-12T19:00:00Z,2024-03-12T20:30:00Z,Mind ReMapping - LOST WITHOUT AN  IDENTITY CRISIS  - ONLINE - Lisbon,"The MIND ReMapping  Philosophy: ""Be so Creatively removed from reality, that the Mind has no choice, but to come out of hiding‚Ä¶.""",https://www.eventbrite.co.uk/e/mind-remapping-lost-without-an-identity-crisis-online-lisbon-tickets-727490863757,lisbon,Sold out
NA,Contact the organizer to request a refund.,"What better match made in heaven then Ice cream + Shots. We specialise in Portuguese Ice cream Flavours and mix with weird and wonderful shot combinations. Join us between 7pm to 10pm in the bar - your taste buds will thank you. Bar is open from 6pm to 2am. While you are here, why not try:- Alcoholic Shisha- Alcoholic Icecream- Party Buckets- CBD store- Sex Shop- Retro Arcade Games- Drinking Games (Ring of Fire and Beer Pong)- Our very own Drinking Challenges (check out the Party Bomb and Party Safari) - will you make the leader board? See our Menus for all our offers or contact us on whatsapp +351 967 225 207 for more information. Ticket Price: ‚Ç¨10 per person - includes 5 shot glasses of flavour sensations (pay at the door). Drinks and other items available to purchase from the bar. Note: All event attendees, must provide the full name, ID number, email, whatsapp and signature at the door.",11.89,11.89,EUR,My Private Party,https://schema.org/EventScheduled,2024-03-13T19:00:00Z,2024-03-13T22:00:00Z,My Private Party - Alcoholic Ice Cream Tasting,We specialise in Portuguese Ice cream Flavours and mix with weird and wonderful shot combinations.,https://www.eventbrite.pt/e/my-private-party-alcoholic-ice-cream-tasting-tickets-793324875057,lisbon,Sold out
NA,Contact the organizer to request a refund.,"Welcome to Selina's weekly salsa class at Bus Paragem, in the bustling neighborhood of Anjos. Come and practice your salsa fundamentals and enjoy music at the bar afterwards where you can dance and practice what you've learned. No experience or partner necessary--come as you are!",10,30,EUR,Selina Macias,https://schema.org/EventScheduled,2024-03-13T20:30:00Z,2024-03-13T21:30:00Z,Salsa Wednesdays with Selina,"Ven a disfrutar de los mi√©rcoles de salsa con Selina, baila al ritmo de la m√∫sica en persona a las 20:30-21:30! Fiesta despu√©s!",https://www.eventbrite.pt/e/salsa-wednesdays-with-selina-tickets-814103313927,lisbon,Sold out
NA,Contact the organiser to request a refund.,"Are you discovering Lisbon for the first time or do you want to dig into this vivid city through an artistic and fun way, may it be as a street art hunter, -lover, or -wanna-be... or you are just curious about the tricks of the streets : ) Our tour is a walking tour of about 2h30/3h, during which we show and explain different styles and techniques as well as (inter)national artists throughout a patchwork of streets, alleys and squares of Lisbon. We highlight the political, economic, and social issues that give rise to Lisbon‚Äôs street art and graffiti scenery. Based on the edu-tainment principle, the tour is meant to be fun as you learn something new. In addition to the art, you‚Äôll also learn about the history of Lisbon and its neighbourhoods‚Ä¶ just by reading the walls and exploring legal and illegal pieces all around. What is INCLUDED ? ¬ª a street art walk of 2,5/3h ¬ª an experienced & passionate street art guide ¬ª some of the best street [art] views in town ¬ª learn about the wallpaintings, history & stories of a wide range of [inter]national street artists [Shepard Fairey, Vhils, Bordalo II, Andrea Tarli, Ozearv, PichiAvo, Mario Belem ...] ¬ª a VIP card offering special deals with some of our local partners-in-crime ¬ª more things to explore and do with our #whatsuplisboa cityguide ¬ª your beloved support for the local street art scene with our yesyoucan.spray street art collective. Every participant also contributes directly to our street art collective yesyoucan.spray with which we set up paintjams with street artists from, based in or passing through Lisbon. JOIN US FOR THIS CULTURAL SURPRISING EXPERIENCE ! * Our open tour in small groups of maximum 10pax is a NAME-YOUR-OWN-PRICE tour for which we request a minimum donation online. ** If you prefer a private tour, another day, in another language, with or without workshop; do not hesitate to contact us ! We have different options for each and everyone. Good vibes, LSAT & YYC.S team ! (+351) 936 825 383 info@lisbonstreetarttours.com @lisbonstreetarttours / @yesyoucanspray",20,20,EUR,Lisbon Street Art Tours,https://schema.org/EventScheduled,2024-03-13T10:00:00Z,2024-03-13T13:00:00Z,LISBON STREET ART TOUR - in English -,"READY TO DISCOVER LISBON THROUGH A DIFFERENT PERSPECTIVE?
Explore & experience one of the most beautiful & creative cities by its street art",https://www.eventbrite.nl/e/lisbon-street-art-tour-in-english--registration-310575027267,lisbon,Sold out
NA,Contact the organizer to request a refund.,"Play a city game and get a full introduction to the Portuguese Discoveries era in the most fun and exciting way possible! In this treasure hunt across the historical neighbourhood of Belem, you will visit the Bel√©m Tower, Monument to the Discoveries, Jeronimos Monastery, the famous Pasteis de Bel√©m and many other must-see places and hidden gems. Discover the most iconic sites on a fantastic adventure while you unravel the best and the worst of Bel√©m¬¥s history! The route you‚Äôre going to follow in the city is sprinkled with unique places, fun clues and challenges, and incredible stories of past and present. The experience will play out like you‚Äôre the main characters of a movie, only that you‚Äôre experiencing everything in first person! Fun dialogue, intrigue, and unexpected interactions are guaranteed. HOW IT WORKS‚ùì 1. Book your tickets üé´ 2. Download the Questo app - it's free üì≤ 3. Head to the starting pointüìç WHAT YOU‚ÄôLL DO The game is an interactive activity where you are guided by a mobile app through the city. With it, you follow directions and solve very fun puzzles, riddles, and cryptic codes. During the game, you will also visit popular and hidden places in the city while learning fun (and we mean it) stories about them. This is a storytelling experience just as much. The people doing these city exploration games gave them an average rating of 4.7/5 around the world. Join the playground too! ------------------ More about Questo üö∂‚Äç‚ôÄÔ∏è Questo is an urban entertainment platform offering thematic real-world exploration games. It is currently available in over 150 cities üåé and has entertained hundreds of thousands of players already. As of today, the app offers more than 400 different experiences created by a growing network of local content creators and event organizers.",9.99,39.99,EUR,Questo - City Exploration Games,https://schema.org/EventScheduled,2024-03-12T14:00:00Z,2024-03-12T15:30:00Z,Historical Belem Outdoor Escape Game: Mysterious Map Hunt,"Follow clues, solve puzzles, discover new places and learn incredible stories of the city's past and present during this city adventure.",https://www.eventbrite.com/e/historical-belem-outdoor-escape-game-mysterious-map-hunt-tickets-734410791447,lisbon,Sold out
NA,Contact the organizer to request a refund.,"An extremist group believes that Freemasonry is conspiring to implement a New World Order through political elites. The group has kidnapped the Grand Master of the most important Portuguese Lodge. You don't believe this theory and you will travel through downtown Lisbon, discovering mysterious 18th century symbols, developing your esoteric knowledge until you manage to free the hostage. Take part in this exciting adventure and avoid a conspiracy that could have international dimensions. The route you‚Äôre going to follow in the city is sprinkled with unique places, fun clues and challenges, and incredible stories. The experience will play out like you‚Äôre the main characters of a movie, only that you‚Äôre experiencing everything in first person! Fun dialogue, intrigue, and unexpected interactions are guaranteed. HOW IT WORKS‚ùì 1. Book your tickets üé´ 2. Download the Questo app - it's free üì≤ 3. Head to the starting pointüìç WHAT YOU‚ÄôLL DO The game is an interactive activity where you are guided by a mobile app through the city. With it, you follow directions and solve very fun puzzles, riddles, and cryptic codes. During the game, you will also visit popular and hidden places in the city while learning fun (and we mean it) stories about them. This is a storytelling experience just as much. The people doing these city exploration games gave them an average rating of 4.7/5 around the world. Join the playground too! ------------------ More about Questo üö∂‚Äç‚ôÄÔ∏è Questo is an urban entertainment platform offering thematic real-world exploration games. It is currently available in over 150 cities üåé and has entertained hundreds of thousands of players already. As of today, the app offers more than 400 different experiences created by a growing network of local content creators and event organizers.",9.99,29.99,EUR,Questo - City Exploration Games,https://schema.org/EventScheduled,2024-03-12T14:00:00Z,2024-03-12T15:30:00Z,Lisbon Outdoor Escape Game: Secrets and Hidden Meanings in Masonic Lisbon,"Follow clues, solve puzzles, discover new places and learn incredible stories of the city's past and present during this city adventure.",https://www.eventbrite.com/e/lisbon-outdoor-escape-game-secrets-and-hidden-meanings-in-masonic-lisbon-tickets-654365724497,lisbon,Sold out
NA,Entre em contato com o organizador para solicitar um reembolso.,"Book your ticket here for 30‚Ç¨ or pay the guide at the start of the tour (we accept cash and/or card) While normal prices start at 100‚Ç¨, our prices are heavily discounted since you will only be paying for your seat! Whether you are new in town or have been here for a while, this is the perfect opportunity to discover hidden gems and make new friends. Embark on a tuk-tuk tour of the city's most iconic tourist spots, showcasing the rich history and culture that surrounds us. We will delve into urban exploration, taking you off the beaten path to uncover the hidden treasures that only the locals know about. Book your spot now and get ready to explore, discover, and create amazing memories with like-minded individuals. Follow us on Instagram at @guiders.pt so you won¬¥t miss any of our shared tours.",33.25,33.25,EUR,Guiders.pt,https://schema.org/EventScheduled,2024-03-12T14:30:00Z,2024-03-12T15:30:00Z,Historical tour of Lisbon by Tuk Tuk,"Join us on our shared experiences, where tourists, locals, expats, and solo (or not) travelers come together for an unforgettable adventure!",https://www.eventbrite.pt/e/bilhetes-historical-tour-of-lisbon-by-tuk-tuk-853731181947,lisbon,Sold out
NA,Contact the organizer to request a refund.,NA,74.89,74.89,EUR,Cozymeal,https://schema.org/EventScheduled,2024-03-13T09:00:00Z,2024-03-13T12:00:00Z,Explore Lisbon's Culinary Scene - Food Tours by Cozymeal‚Ñ¢,"Learn all about Lisboa's incredible culture while enjoying the city's favorite fare with Cozymeal! Join the upcoming food tour, ‚ÄúExplore Lisbon's Culinary Scene‚Äù, with Guide Charlie or Local Guide for a fun 3-hour experience with 7 tastings along the way.Cozymeal offers a variety of culinary experiences, including cooking classes, team building activities, food tours and private chef services. We‚Äôll give you a unique, unforgettable experience hosted by incredible chefs and guides in over 70 cities across the U.S. and Canada. Book a culinary experience with Cozymeal and let theus take care of the rest.For additional information and dates visit Explore Lisbon's Culinary Scene",https://www.eventbrite.com/e/explore-lisbons-culinary-scene-food-tours-by-cozymealtm-tickets-783178777807,lisbon,Sold out
NA,No Refunds,"Discover Lisbon‚Äôs vibrant nightlife and experience a traditional night out with people from all around the world and join us for a madness party! Journey into mythical Lisbon to meet locals and fellow travelers alike while you visit three local bars, starting out in a neighborhood filled with more than 200 of them. Your guide is a professional party planner and local so you can definitely trust them to show you a good time. You will enjoy a welcome shot at the first and 3rd  bar, one-hour open bar of beer and sangria in the second bar, then finish your crawl as a VIP guest in a venue prepared for all the groups to converge and have a party together. On the day of the event, look for our team (yellow umbrellas/hoodies) in the middle of the Cam√µes square at 10pm. If you can`t find us, please call +351932060800. If you are not able to participate in our event, please let us know at least 24 hours before, otherwise we won't be able to make refunds. We always advise our guests to pay attention to the dress code for the night of the event. It should be casual chic, so no sporty or baggy clothes are allowed. Elegant sports shoes are allowed.",20,40,EUR,Discover Lisbon - Tours & Crawls,https://schema.org/EventScheduled,2024-03-12T22:00:00Z,2024-03-13T02:00:00Z,The Lisbon PubCrawl,Join the best pub crawl experience in Lisbon,https://www.eventbrite.pt/e/the-lisbon-pubcrawl-tickets-89609086189,lisbon,Sold out
NA,Contact the organizer to request a refund.,"Allow yourself to daydream while you play a city exploration game in Sintra, the most romantic place in Portugal. You‚Äôll explore the historic sites and discover some of Sintra‚Äôs legends and secrets. You‚Äôll wander the town‚Äôs natural landscape as well as its popular landmarks. Through riddles and challenges, Sintra will reveal itself to you. Ready to explore a romantic and thrilling Sintra? Fill your heart and walk this way... The route you‚Äôre going to follow in the city is sprinkled with unique places, fun clues and challenges, and incredible stories of past and present. The experience will play out like you‚Äôre the main characters of a movie, only that you‚Äôre experiencing everything in first person! Fun dialogue, intrigue, and unexpected interactions are guaranteed. HOW IT WORKS‚ùì 1. Book your tickets üé´ 2. Download the Questo app - it's free üì≤ 3. Head to the starting pointüìç WHAT YOU‚ÄôLL DO The game is an interactive activity where you are guided by a mobile app through the city. With it, you follow directions and solve very fun puzzles, riddles, and cryptic codes. During the game, you will also visit popular and hidden places in the city while learning fun (and we mean it) stories about them. This is a storytelling experience just as much. The people doing these city exploration games gave them an average rating of 4.7/5 around the world. Join the playground too! ------------------ More about Questo üö∂‚Äç‚ôÄÔ∏è Questo is an urban entertainment platform offering thematic real-world exploration games. It is currently available in over 150 cities üåé and has entertained hundreds of thousands of players already. As of today, the app offers more than 400 different experiences created by a growing network of local content creators and event organizers.",9.99,39.99,EUR,Questo - City Exploration Games,https://schema.org/EventScheduled,2024-03-12T14:00:00Z,2024-03-12T15:30:00Z,Highlights of Sintra: Outdoor Escape Game,"Follow clues, solve puzzles, discover new places and learn incredible stories of the city's past and present during this city adventure.",https://www.eventbrite.com/e/highlights-of-sintra-outdoor-escape-game-tickets-734131205197,lisbon,Sold out
NA,Contact the organizer to request a refund.,"Return to 1941 and discover the Estoril of charm and spies in this journey of light and shadows. A town where artists, eccentric characters, aristocracy as well as spies socialized on the beaches and had fun trying their luck at the Casino. Discover the places and people that inspired Ian Fleming, a British Intelligence officer in Estoril, to create the famous James Bond character in his first novel Casino Royale. Dare to be a secret agent whose mission is to discover the identity of a furtive spy. The route you‚Äôre going to follow in the city is sprinkled with unique places, fun clues and challenges, and incredible stories of past and present. The experience will play out like you‚Äôre the main characters of a movie, only that you‚Äôre experiencing everything in first person! Fun dialogue, intrigue, and unexpected interactions are guaranteed. HOW IT WORKS‚ùì 1. Book your tickets üé´ 2. Download the Questo app - it's free üì≤ 3. Head to the starting pointüìç WHAT YOU‚ÄôLL DO The game is an interactive activity where you are guided by a mobile app through the city. With it, you follow directions and solve very fun puzzles, riddles, and cryptic codes. During the game, you will also visit popular and hidden places in the city while learning fun (and we mean it) stories about them. This is a storytelling experience just as much. The people doing these city exploration games gave them an average rating of 4.7/5 around the world. Join the playground too! ------------------ More about Questo üö∂‚Äç‚ôÄÔ∏è Questo is an urban entertainment platform offering thematic real-world exploration games. It is currently available in over 150 cities üåé and has entertained hundreds of thousands of players already. As of today, the app offers more than 400 different experiences created by a growing network of local content creators and event organizers.",9.99,39.99,EUR,Questo - City Exploration Games,https://schema.org/EventScheduled,2024-03-12T14:00:00Z,2024-03-12T15:30:00Z,Estoril Outdoor Escape Game: The Spies' Nest,"Follow clues, solve puzzles, discover new places and learn incredible stories of the city's past and present during this city adventure.",https://www.eventbrite.com/e/estoril-outdoor-escape-game-the-spies-nest-tickets-688985242407,lisbon,Sold out
NA,Sem reembolsos,">> Junte-se a n√≥s para o Ensaio Geral Solid√°rio do espet√°culo Balanchine/McNicol/Forsythe, pela Companhia Nacional de Bailado, acompanhada pela Orquestra Sinf√≥nica Portuguesa e Solistas da Orquestra de C√¢mara Portuguesa. >> Ao adquirir bilhetes para este evento, estar√° a contribuir para a causa da Pedalar Sem Idade Portugal pelo combate √† solid√£o e ao isolamento social indesejado de s√©niores e pessoas com mobilidade condicionada. *Dever√° apresentar o email com a Confirma√ß√£o de Compra (digital ou impresso) para levantar o seu Bilhete de Acesso ao Ensaio Geral Solid√°rio no dia do evento.   >> Toda a receita obtida com a venda dos bilhetes ser√° doada √† Pedalar Sem Idade Portugal. >> Venha ver de perto este espet√°culo incr√≠vel e apoiar uma grande causa!",13.12,13.12,EUR,Pedalar Sem Idade Portugal,https://schema.org/EventScheduled,2024-03-13T20:00:00Z,2024-03-13T22:00:00Z,Ensaio Geral Solid√°rio da Companhia Nacional de Bailado,"Venha ver o Ensaio Solid√°rio da Companhia Nacional de Bailado e, ao mesmo tempo, contribuir para a causa da Pedalar Sem Idade Portugal!",https://www.eventbrite.pt/e/bilhetes-ensaio-geral-solidario-da-companhia-nacional-de-bailado-844914089787,lisbon,Sold out
NA,Contact the organizer to request a refund.,"Go on an adventure through Set√∫bal, Portugal‚Äôs fishing town by excellence, and discover the traditional life of its fishermen. Learn about Set√∫bal‚Äôs mysteries, while discovering its main sites. Set√∫bal is older than Portugal. The town was built around the transportation of goods by sea and fishing. Now, it‚Äôs one of the most important traditional fishing markets in the world; it‚Äôs no wonder the Portuguese flock here to have the freshest seafood in Portugal. Ready for an adventure? Come along‚Ä¶ The route you‚Äôre going to follow in the city is sprinkled with unique places, fun clues and challenges, and incredible stories of past and present. The experience will play out like you‚Äôre the main characters of a movie, only that you‚Äôre experiencing everything in first person! Fun dialogue, intrigue, and unexpected interactions are guaranteed. HOW IT WORKS‚ùì 1. Book your tickets üé´ 2. Download the Questo app - it's free üì≤ 3. Head to the starting pointüìç WHAT YOU‚ÄôLL DO The game is an interactive activity where you are guided by a mobile app through the city. With it, you follow directions and solve very fun puzzles, riddles, and cryptic codes. During the game, you will also visit popular and hidden places in the city while learning fun (and we mean it) stories about them. This is a storytelling experience just as much. The people doing these city exploration games gave them an average rating of 4.7/5 around the world. Join the playground too! ------------------ More about Questo üö∂‚Äç‚ôÄÔ∏è Questo is an urban entertainment platform offering thematic real-world exploration games. It is currently available in over 150 cities üåé and has entertained hundreds of thousands of players already. As of today, the app offers more than 400 different experiences created by a growing network of local content creators and event organizers.",9.99,39.99,EUR,Questo - City Exploration Games,https://schema.org/EventScheduled,2024-03-12T14:00:00Z,2024-03-12T15:30:00Z,Secret Setubal: Outdoor Escape Game,"Follow clues, solve puzzles, discover new places and learn incredible stories of the city's past and present during this city adventure.",https://www.eventbrite.com/e/secret-setubal-outdoor-escape-game-tickets-730960260817,lisbon,Sold out
NA,Entre em contato com o organizador para solicitar um reembolso.,"[EN] The ""Coffee Viscount"", lord of the Palacetes and the Pal√°cio do Visconde - The Coffee Experience, is pleased to invite everyone on a sensory journey to bourgeois Lisbon of the 19th century, where the coffee industry was booming and cultural life and cultural life unfolded in noble salons over its aroma. Visit the Oldest Coffee Factory Currently Operating in Portugal Event Subject to Confirmation and Prior Booking Sent an email to - fbmanager@palaciodovisconde.com Includes: Introduction to the World of Coffee (White Room - Pal√°cio do Visconde) Visit to the ""Caf√©s Negrita"" Factory (Caf√©s Negrita) Coffee Tasting (Bar Pal√°cio do Visconde) Before or after your visit, you can have breakfast, lunch or dinner at Pal√°cio do Visconde - The Coffee Experience, tasting our gastronomy and our spectacular coffee. Menus available at - www.palaciodovisconde.com We are also present on Instagram - @palaciodovisconde [PT) O ""Visconde do Caf√©‚Äù, senhor dos Palacetes e o Pal√°cio do Visconde - The Coffee Experience, tem o prazer de convidar todas as pessoas para uma viagem sensorial √† Lisboa burguesa do s√©c. XIX, onde a ind√∫stria de caf√© fervilhava e a vida cultural se desenrolava nos sal√µes nobres sobre o seu aroma. Fa√ßa Uma Visita √† F√°brica Mais Antiga Atualmente a Laborar em Portugal. Evento sujeito a confirma√ß√£o e marca√ß√£o pr√©via Enviar email para - fbmanager@palaciodovisconde.com Inclui: Introdu√ß√£o ao Mundo do Caf√© (Sala Branca - Pal√°cio do Visconde) Visita √† F√°brica Caf√©s Negrita (Caf√©s Negrita) Prova de Caf√©s (Bar do Pal√°cio do Visconde) Antes ou depois da visita, poder√° tomar o pequeno-almo√ßo, almo√ßar ou jantar no Pal√°cio do Visconde - The Coffee Experience, provando a nosso gastronomia e o nosso espectacular caf√©. Menus disponiveis em - www.palaciodovisconde.com Estamos tamb√©m presentes no Instagram - @palaciodovisconde",15.1,15.1,EUR,Pal√°cio do Visconde - The Coffee Experience,https://schema.org/EventPostponed,2024-03-12T11:00:00Z,2024-03-12T16:00:00Z,The Coffee Experience  - Visit The Oldest Roaster Coffee in Lisbon,"Visit the Negrita¬¥ s Coffee Factory, The Oldest Still In Operation In The Center Of Lisbon. Read the details below Prior reservation Require",https://www.eventbrite.pt/e/bilhetes-the-coffee-experience-visit-the-oldest-roaster-coffee-in-lisbon-748409251217,lisbon,Sold out
1 hora 30 minutos,NA,"Creating strong and positive relationships is central to our health and happiness. Good relationships boost well-being and help us deal with life's challenges. But what does the current research have to say on this topic? And how can we feel more connected to each other? Join this workshop and boost your relational and social intelligence skills with other like-minded people. Arrival time:We recommend that participants arrive between 30 and 15 minutes before the start of the session, in order to check-in and to avoid interruption to the group dynamics during the workshop. Take notes:You can bring your personal notebook or journal for taking notes. This will help with your self-reflection process and to retain the key information & new insights from this session.",0,0,EUR,Life At Nova SBE,https://schema.org/EventScheduled,2024-03-13T14:30:00Z,2024-03-13T16:00:00Z,Power of Relationships,Workshop by Radek Oros at Westmont Hospitality Hall,https://www.eventbrite.com/e/bilhetes-power-of-relationships-699463643587,lisbon,NA
2 hours,NA,"PLEASE NOTE CHANGE TO ORIGINAL VENUE - now at Avila Spaces Parque das Na√ß√µes https://avilaspaces.com/pt/ Huge thank you to Carlos, Catarina and Patricia for their support for this edition of #DemoNightLx  ----- Join us for a special night where we'll have presentations from both investors(Reverse pitches) and startups(Demos). Our hosts for the evening are: - Jana Garous - Pedro Guimar√£es - Tomas Caeiro The event starts at 7 PM, but you can join us at 6:15 PM for some drinks and food before the event. Space is limited at the venue so in parallel we will be hosting drinks at the Evolution Hotel, just a few hundred meters away. Should you arrive and there not be any capacity left in the venue you can join members of the Canopy team at Evolution and watch the live stream with other members of the community. More details on participants Demos Hosts Jana Garous https://www.linkedin.com/in/janagarous/ Pedro Guimar√£es https://www.linkedin.com/in/pedro-guimar%C3%A3es-632326/ Tomas Caeiro https://www.linkedin.com/in/tomascaeiro/",0,0,EUR,Canopy Community,https://schema.org/EventScheduled,2024-03-13T19:00:00Z,2024-03-13T21:00:00Z,#demonightlx March 2024,Join our investor reverse pitch & startup showcase event on 13 March 2024.,https://www.eventbrite.co.uk/e/demonightlx-march-2024-tickets-772381161847,lisbon,NA
1 hora 30 minutos,NA,"De onde vem a inspira√ß√£o matem√°tica? Srinivasa Ramanujan, um g√©nio matem√°tico, afirmou que sua inspira√ß√£o vinha de uma deusa hindu que falava com ele atrav√©s dos sonhos. Isaac Newton e Gottfried Leibniz, os pais do C√°lculo Diferencial e Integral, tanto escreveram sobre matem√°tica como sobre religi√£o ou filosofia. Religi√£o, espiritualidade e matem√°tica: como se ligam estes aspectos? Maria Jo√£o Gouveia e Carlos Albuquerque, docentes universit√°rios, falar√£o das suas carreiras na Matem√°tica e abordar√£o essa tem√°tica. Jo√£o Lu√≠s Cordovil, investigador, √© o orador convidado da √°rea da Metaf√≠sica da Ci√™ncia. Venha participar numa discuss√£o fascinante e emocionante onde ser√° abordada a intera√ß√£o entre a matem√°tica, a f√© e a raz√£o. Nesta sess√£o, alunos de Ci√™ncias ir√£o proporcionar ao p√∫blico momentos musicais, tocando os seus instrumentos. Um final de tarde, na FCUL, com partilha de viv√™ncias numa sess√£o inversa onde todos podem participar. A n√£o perder! Oradores: Carlos Albuquerque (DM FCUL), Jo√£o Lu√≠s Cordovil (DHFC FCUL), Maria Jo√£o Gouveia (DM-FCUL) Modera√ß√£o: Ana Rute Domingos e Maria Manuel Torres (DM-FCUL) M√∫sica: Dilan Premgi (saxofone alto), Gon√ßalo Neves (violino), Teresa Madureira (teclado), Tiago Barradas (guitarra), Tiago Melo (guitarra) P√∫blico-alvo: estudantes a partir do 12¬∫ ano e todos os que gostam de matem√°tica Esta atividade insere-se no √¢mbito das comemora√ß√µes do Dia Internacional da Matem√°tica. * Entrada livre mas registo necess√°rio (por favor n√£o imprima o bilhete!) Para conhecer mais atividades no √¢mbito do Dia Internacional da Matem√°tica em Ci√™ncias ULisboa clique aqui. O Dia Internacional da Matem√°tica foi idealizado pela International Mathematical Union (IMU) e proclamado pela UNESCO. Sponsors: Ci√™ncias ULisboa FCT e CMAF-CIO UIDB/04561/2020",0,0,USD,Departamento de Matem√°tica de Ci√™ncias ULisboa,https://schema.org/EventScheduled,2024-03-13T18:00:00Z,2024-03-13T19:30:00Z,Matem√°tica: raz√£o e emo√ß√£o - 3.¬™ edi√ß√£o,"Religi√£o, espiritualidade e matem√°tica: como se ligam estes aspectos?
Partilha de viv√™ncias numa sess√£o inversa onde todos podem participar.",https://www.eventbrite.com/e/bilhetes-matematica-razao-e-emocao-3a-edicao-849528832607,lisbon,NA
2 hours 30 minutes,NA,NA,0,0,USD,Associa√ß√£o Acad√©mica IEP,https://schema.org/EventScheduled,2024-03-13T16:00:00Z,2024-03-13T18:30:00Z,Dialogues with Diplomats - Moroccan Ambassador,"A AAIEP, em parceria com o Instituto de Estudos Pol√≠ticos, convidam embaixadores e diplomatas para sess√µes de di√°logo e conversa com alunos.",https://www.eventbrite.com/e/dialogues-with-diplomats-moroccan-ambassador-tickets-860053652627,lisbon,NA
NA,NA,"Get ready for a spectacular afternoon of fun and excitement at the Circus Tea Party Experience! Join us at the vibrant location in Lisbon, Picoas for an unforgettable in-person event. Step into a world of wonder as you immerse yourself in the enchanting atmosphere of the circus. Marvel at thrilling acrobatic performances acts that will leave you in stitches. Indulge in a delightful tea party filled with scrumptious treats and refreshing beverages. Savor the delicious flavors while enjoying the company of friends and family in our charming circus-themed setting. This event promises to be a whimsical experience like no other. Don't miss out on this opportunity to create lasting memories and share joyful moments with your loved ones. Mark your calendars and join us for the Circus Tea Party Experience at Picoas. Get ready to be amazed, entertained, and enchanted! IMPORTANT:",0,0,EUR,Tea Party,https://schema.org/EventScheduled,2024-03-12T16:00:00Z,2024-03-12T17:00:00Z,Circus Tea Party Experience,"Step right up and join us for a mind-blowing Circus Tea Party Experience, where thrilling performances and delightful tea collide",https://www.eventbrite.pt/e/bilhetes-circus-tea-party-experience-840618872677,lisbon,Sold out
NA,NA,Punto di partenza: Pra√ßa da Figueira sotto la statua. Vi aspetter√≤ indossando un basco viola.  TOUR BASATO SULLE MANCE Luoghi che visiteremo:,0,0,EUR,Valeria,https://schema.org/EventScheduled,2024-03-13T15:00:00Z,2024-03-13T17:30:00Z,Walking tour Alfama in italiano,Il modo migliore per immergersi nell'atmosfera unica che si respira a Lisbona? Unirsi ad un walking tour dal punto di vista di una local.,https://www.eventbrite.it/e/biglietti-walking-tour-alfama-in-italiano-859594188357,lisbon,Sold out
NA,NA,"Our Free Tour in Lisbon will show you our city through the eyes of a local enthusiastic guide.¬† With this tour we'll visit Alfama, which is the second oldest neighbourhood in Europe. It sits in one of Lisbon hills (the city is known for its 7 hills), with the castle sitting on top with a privileged view of the city and the Tagus river. There is no better place to feel the old city vibe than in Alfama. Part of its charm is actually its apparent degradation, intricate streets and the sound of fado music in every corner. Here, you will not be amazed with magnificent monuments. Instead, you will be delighted with the simplicity and the genuinity of the people and the spectacular view points. With our Free Tour in Lisbon, you will get to know Alfama, and the surrounding neighbourhoods, as one of our friends visiting. We will tell you its secrets and legends, the reason why there‚Äôs so many tiles and why do the streets form a kind of labyrinth. But don‚Äôt worry, you will only get lost if you want to! Points of Interest On tuesdays and saturdays, it‚Äôs  flee market day, so we will end our tour close by :)  Just look for the RED umbrella with the WILD WALKERS TOURS logo at Pra√ßa D. Pedro IV in front of the statue @ 10.30 am. For private tours or groups bigger than 5 please contact us.",0,0,EUR,Wild Walkers Tours,https://schema.org/EventScheduled,2024-03-13T10:30:00Z,2024-03-13T12:30:00Z,Old Towns & Castle Hills (Alfama Free Tour),The first and best Free Tour in Lisbon. Come visit the oldest neighborhood of the city with our enthusiastic and knowledgeable local guides.,https://www.eventbrite.pt/e/old-towns-castle-hills-alfama-free-tour-tickets-547729372297,lisbon,Sold out
NA,NA,"Did you know Lisbon suffered a tremendous earthquake in 1755, followed by a tsumani and fires all over the city? It was devastating and the reason why this area of the city is so modern and arquitecturally organized. Baixa-Chiado is the sophisticated part of Lisbon, but also where its bohemian and cultural life is more alive. Here, intellectuals, writers and artists made presence to discuss Portuguese society in famous cultural gatherings. Later on, it was also here that the democratic revolution took place, ending a 41 years dictatorship. It was made of war tanks and carnations, and it reflects the Portuguese way of being. We call it a country of brandos costumes, meaning we prefer to solve matters in a quiet way. Not quiet at all is the experience you will have with us! We will guide you through some of our city‚Äôs historic milestones, but also to some of its famous delicacies ‚Äì like the delicious pastry Pastel de nata and the typical beverage Ginginha. Join us and we will show the city as to one of our friends visiting. Baixa-Chiado Free Tour Points of Interest: Just look for the RED umbrella with the WILD WALKERS TOURS logo at Pra√ßa D. Pedro IV in front of the statue @ 3.30 pm. For private tours or groups bigger than 5 please contact us.",0,0,EUR,Wild Walkers Tours,https://schema.org/EventScheduled,2024-03-13T15:30:00Z,2024-03-13T17:30:00Z,Lisbon Reborn (Baixa/Chiado Free Tour),"In this Lisbon Free Tour you'll learn about it's reconstruction after the 1755 earthquake, visit the bohemian part of the city and much more",https://www.eventbrite.pt/e/lisbon-reborn-baixachiado-free-tour-tickets-547742652017,lisbon,Sold out
NA,NA,"Ven a conocer los principales barrios hist√≥ricos de Lisboa (Bairro Alto, Chiado, Baixa y Alfama) con un gu√≠a local y conocer√°s los secretos m√°s grandes de la historia y la cultura portuguesa - incluso probar√°s el mejor ‚ÄúPastel de Nata‚Äù de Lisboa. Recorre com nosotros los principales barrios hist√≥ricos de la capital de Portugal y conoce los puntos m√°s emblem√°ticos de la ciudad para entender la hist√≥ria e la cultura portuguesa. El recorrido tiene una duraci√≥n mas o menos 3 horas, durante las cuales se explican los momentos clave en la historia de Portugal, y en particular de Lisboa, para comprender mejor el pueblo portugu√©s y su cultura. Conocer√°s la origen del pa√≠s, las marcas de las principales batallas (incluso com Espa√±a), las conquistas de un imperio que convirti√≥ a Portugal en una de las principales potencias del mundo, las principales caracter√≠sticas de la arquitectura de la capital, los m√°s grandes escritores portugueses y a√∫n los mejores lugares para disfrutar de la cocina portuguesa - incluso tendr√°s la oportunidad para probar gr√°tis el mejor ‚ÄúPastel de Nata‚Äù de Lisboa. Punto de Encuentro: El punto de encuentro para la salida del tour es la Plaza Luis de Cam√µes que est√° ubicada junto al Barrio Alto y Chiado. Nos encontrar√°s con el Paraguas Negros con el logo ""Tours Of My Life"". Intente llegar al punto de partida 15 minutos antes de la hora del recorrido. C√≥mo llegar al punto de encuentro: Nuestro punto de partida es muy accesible a pie, en metro (a 100mts la estaci√≥n Baixa-Chiado - con la l√≠nea verde o azul | a 500mt la estaci√≥n Cais do Sodr√© - con la l√≠nea verde), en autob√∫s (a 500mt la estaci√≥n Cais do Sodr√©), en tren (a 700mt la estaci√≥n Rossio | a 500mt la estaci√≥n Cais do Sodr√©) o en tranv√≠a (el tranv√≠a 28E para justo en la plaza Largo de Cam√µes); Recomenda√ß√µes Recomendamos que use zapatos c√≥modos para caminar por las colinas de Lisboa, zapatos antideslizantes adecuados para la piedra caliza que se puede encontrar en la mayor√≠a de las calles de la capital portuguesa. En la mayor parte del a√±o, tambi√©n recomendamos que use protector solar. Adem√°s de los zapatos y el protector solar no hay m√°s recomendaciones especiales, aunque el buen esp√≠ritu siempre es bienvenido un recorrido a pie.",0,0,EUR,Tours Of My Life,https://schema.org/EventScheduled,2024-03-12T14:30:00Z,2024-03-12T17:30:00Z,Free Tour Original de Lisboa con Degustaciones Gr√°tis (por la tarde 14:30H),Descubre la rica historia y datos divertidos de Lisboa con los mejores gu√≠as de la ciudad (incluye degustaciones gratuitas) - Ap√∫ntate ahora,https://www.eventbrite.com/e/free-tour-original-de-lisboa-con-degustaciones-gratis-por-la-tarde-1430h-tickets-53544509068,lisbon,Sold out
NA,NA,"Join us for an exciting and flavorful evening at Tastexperience! This event is the perfect way to unwind after a long day at work. Get ready to indulge in a variety of delicious food and drinks, carefully curated to tantalize your taste buds. Date: All week days  Time: 18:00:00 GMT+0000 (Hora padr√£o da Europa Ocidental) üìçLocation: Tastexperience - near Avenida Liberdade Join us for an exciting evening of live performances üé§, a cool DJ spinning tunes üéß, and amazing artists üé®.   A perfect opportunity to network and unwind after work! ü§ù Immerse yourself in a relaxed and casual atmosphere, surrounded by fellow food enthusiasts. Discover new flavors, mingle with like-minded individuals, and expand your culinary horizons. Browse through trendy clothing pop-up stores üëöüëï while enjoying delicious tapas üç¢, sipping on fine wine üç∑, and tasting signature cocktails üç∏.  Whether you're a seasoned foodie or simply looking for a fun evening out, After Work - Tastexperience is the place to be. Don't miss out on this incredible opportunity to savor delectable dishes and enjoy the company of friends. We can't wait to see you there!",0,0,EUR,AfterWork Lx,https://schema.org/EventScheduled,2024-03-12T18:00:00Z,2024-03-12T20:00:00Z,After Work - Tastexperience,"Join us for an evening of delightful flavors and relaxation at ""After Work - Tastexperience"" near Avenida Liberdade starting at 6:00 PM! ‚ö°Ô∏è",https://www.eventbrite.com/e/bilhetes-after-work-tastexperience-812640338127,lisbon,Sold out
NA,NA,"We show you the history and the exciting stories of Lisbon with the best guides in town and you determine what a tour was worth per participant (i.e.: 10‚Ç¨, 15‚Ç¨, 20‚Ç¨, ...). Our brand name raise expectation and so we strive on every tour to give you¬†truly the tour of your life. ‚Äã With The Most Entertaining and Passionate Local Guides you get to know: * The historical neighborhoods of Bairro Alto, Chiado, Baixa (Downtown) and Alfama; * The essential history of Portugal throughout the streets of Lisbon; * Fun facts about the Portuguese people, their culture and their habits; * Great sightseeing spots; * A lot of smart tips to make the most of your vacation in Lisbon; And * Free Tasting of the best Pastel de Nata (Portuguese Custard Tart) in Lisbon; ‚Äã The¬†Tour Covers: *Bairro Alto | *Ancient Boundaries of Lisbon | *Roman and Barbarian Invasions | *Chiado | *The Age of Discovery | *Carmo Convent | *Santa Justa Elevator | *Salazar Dictatorship | *Carnation Revolution | *Lisbon City of Spies in World War II | *Classic Stores and Coffees | * Portuguese Inquisition | *The Jewish Memorial | *Baixa Pombalina (Downtown) | *The Great Earthquake of 1755 | *The Monarchy and The Republic | *Portugal‚Äôs Moorish Legacy | *Alfama ‚Ä¶ And Much More!",0,0,EUR,Tours Of My Life,https://schema.org/EventScheduled,2024-03-13T10:30:00Z,2024-03-13T13:30:00Z,(Morning) Free Tour of Lisbon- Essential History & Fun Facts +Free Tastings,"We show you the history and the exciting stories of Lisbon with the best guides in town and after, you will determine what a tour was worth.",https://www.eventbrite.com/e/morning-free-tour-of-lisbon-essential-history-fun-facts-free-tastings-tickets-48057700877,lisbon,Sold out
NA,NA,"We show you the history and the exciting stories of Lisbon with the best guides in town and you determine what a tour was worth per participant (i.e.: 10‚Ç¨, 15‚Ç¨, 20‚Ç¨, ...). Our brand name raise expectation and so we strive on every tour to give you¬†truly the tour of your life. ‚Äã With The Most Entertaining and Passionate Local Guides you get to know: * The historical neighborhoods of Bairro Alto, Chiado, Baixa (Downtown) and Alfama; * The essential history of Portugal throughout the streets of Lisbon; * Fun facts about the Portuguese people, their culture and their habits; * Great sightseeing spots; * A lot of smart tips to make the most of your vacation in Lisbon; And * Free Tasting of the best Pastel de Nata (Portuguese Custard Tart) in Lisbon; ‚Äã The¬†Tour Covers: *Bairro Alto | *Ancient Boundaries of Lisbon | *Roman and Barbarian Invasions | *Chiado | *The Age of Discovery | *Carmo Convent | *Santa Justa Elevator | *Salazar Dictatorship | *Carnation Revolution | *Lisbon City of Spies in World War II | *Classic Stores and Coffees | * Portuguese Inquisition | *The Jewish Memorial | *Baixa Pombalina (Downtown) | *The Great Earthquake of 1755 | *The Monarchy and The Republic | *Portugal‚Äôs Moorish Legacy | *Alfama ‚Ä¶ And Much More!",0,0,EUR,Tours Of My Life,https://schema.org/EventScheduled,2024-03-12T14:30:00Z,2024-03-12T17:30:00Z,(Afternoon) Free Tour of Lisbon - Essential History and Fun Facts + Free Tastings,"We show you the history and the exciting stories of Lisbon with the best guides in town and after, you will determine what a tour was worth.",https://www.eventbrite.com/e/afternoon-free-tour-of-lisbon-essential-history-and-fun-facts-free-tastings-tickets-48355655066,lisbon,Sold out
NA,NA,"A private experience where the space will be held for you to: establish a deeper connection to yourself, nature, and your intuition. Our mindfulness and somatic exercises will guide you to feel and explore. It's more than just a ritual accompanied by tea and magic fungi; it's also an opportunity to connect to the inner wisdom that resides deeply within you and receive the information, guidance, and support you have been seeking.  Not only the plant and fungi spirits become the teachers, but also your own body, mind, and soul teach you something you need most. Hello, my name is Lilly, and I will be your host. I'm a somatic therapist, sound healer and regression hypnotherapist. I've lived and travelled in Asia for five years, learning Chinese Medicine, Traditional Tea Ceremonies, Tibetan Sound Healing, Martial Arts and Qigong. After, my journey took me to Mexico where I lived with local commuities that honor cycles of nature, magic plants and fungi, in a way I have never seen before. Since then I integrate those into my therapy and ceremonial practices. Price: 55 EUR per person; Besides individuals, I had couples join this experience in the past, and we had a really good time working together.  To register, text +4917635845557 on Whatsapp. You're also welcome to just to stop by and say hi and ask questions. It's beautiful to connect before the ceremony. Curious to learn more about other ceremonies I host or Interested in another time/date: enquire more about other magic ceremonies I host through Whatsapp.",0,0,EUR,Feng Shui Tea House,https://schema.org/EventScheduled,2024-03-13T09:00:00Z,2024-03-13T11:00:00Z,Magic Tea Ceremony in Lisbon,"Serene environment, somatic exercises and tea ceremony to help you start your day intentionally.",https://www.eventbrite.co.uk/e/magic-tea-ceremony-in-lisbon-tickets-849371602327,lisbon,Sold out
NA,NA,"From to 21:00h to 23:00h every wednesday, folk guitar/vocals, then it‚Äôs first-come-first-serve for musicians or groups to play for up to 7 minutes (2 songs).The first 10 performers receive a drink token and a short video of their set!!!üî•üé∑üé∏üé∫üî∏Free entranceüî∏Artist that wants participate have to show up before 21:00h and talk to the host LeeIf you‚Äôve never been to La Sharada before you should also know that we serve AUTHENTIC ITALIAN PIZZA, Cocktails and craft beers, the best craft beer in town that is also sponsoring this event, @doiscorvos !!",0,0,EUR,La Sharada,https://schema.org/EventScheduled,2024-03-13T21:00:00Z,2024-03-13T23:00:00Z,Open Mic,The Open Mic night is open to all kind of musician that want to perform in a friendly environment,https://www.eventbrite.com/e/open-mic-tickets-798892648417,lisbon,Sold out
NA,NA,"Todos los d√≠as a las 10:30h - Ven a conocer los principales barrios hist√≥ricos de Lisboa (Bairro Alto, Chiado, Baixa y Alfama) con un gu√≠a local y conocer√°s los secretos m√°s grandes de la historia y la cultura portuguesa - incluso probar√°s el mejor ‚ÄúPastel de Nata‚Äù de Lisboa. Recorre com nosotros los principales barrios hist√≥ricos de la capital de Portugal y conoce los puntos m√°s emblem√°ticos de la ciudad para entender la hist√≥ria e la cultura portuguesa. El recorrido tiene una duraci√≥n de 3:00H, durante las cuales se explican los momentos clave en la historia de Portugal, y en particular de Lisboa, para comprender mejor el pueblo portugu√©s y su cultura. Conocer√°s la origen del pa√≠s, las marcas de las principales batallas (incluso com Espa√±a), las¬†conquistas de un imperio¬†que convirti√≥ a Portugal en una de las principales potencias del mundo, las principales caracter√≠sticas de la arquitectura de la capital, los m√°s grandes escritores portugueses y a√∫n los mejores lugares para disfrutar de la cocina portuguesa - incluso tendr√°s la oportunidad para probar gr√°tis el mejor ‚ÄúPastel de Nata‚Äù de Lisboa. ¬† Punto de Encuentro: El punto de encuentro para la salida del tour es la Plaza Luis de Cam√µes que est√° ubicada junto al Barrio Alto y Chiado. Nos encontrar√°s con el Paraguas Negros con el logo ""Tours Of My Life"" (Lisbon). Intente llegar al punto de partida 15 minutos antes de la hora del recorrido. C√≥mo llegar al punto de encuentro: Nuestro punto de partida es muy accesible a pie, en metro (a 100mts la estaci√≥n Baixa-Chiado - con la l√≠nea verde o azul | a 500mt la estaci√≥n Cais do Sodr√© - con la l√≠nea verde), en autob√∫s (a 500mt la estaci√≥n Cais do Sodr√©), en tren (a 700mt la estaci√≥n Rossio | a 500mt la estaci√≥n Cais do Sodr√©) o en tranv√≠a (el tranv√≠a 28E para justo en la plaza Largo de Cam√µes); Recomendaciones Recomendamos que use zapatos c√≥modos para caminar por las colinas de Lisboa, zapatos antideslizantes adecuados para la piedra caliza que se puede encontrar en la mayor√≠a de las calles de la capital portuguesa. En la mayor parte del a√±o, tambi√©n recomendamos que use protector solar. Adem√°s de los zapatos y el protector solar no hay m√°s recomendaciones especiales, aunque el buen esp√≠ritu siempre es bienvenido un recorrido a pie.",0,0,EUR,Tours Of My Life,https://schema.org/EventScheduled,2024-03-13T10:30:00Z,2024-03-13T13:30:00Z,Free Tour Original de Lisboa con Degustaciones Gr√°tis (Diario - 10:30H),Descubre la rica historia y datos divertidos de Lisboa con los mejores gu√≠as de la ciudad (incluye degustaciones gratuitas) - Ap√∫ntate ahora,https://www.eventbrite.com/e/free-tour-original-de-lisboa-con-degustaciones-gratis-diario-1030h-tickets-53545035643,lisbon,Sold out
NA,NA,"Wander around the steep, narrow streets of what people often call the village within the city. Alfama is one of the few districts in Lisbon not destroyed by the earthquake of 1755. Decorated in beautiful ‚Äòazulejos‚Äô (tiles), the steep winding alleys of this neighborhood give way to breath-taking views of a sea of terracotta roofs and the Tagus River. The aromas of traditional Portuguese cuisine, the echoes of Fado tunes, and the elderly Portuguese locals chattering, all make this neighborhood one of the most authentic in Lisbon! We'll see Lisboa's most emblematic landmarks, like the Rossio Square, Dona Maria II Theatre, Sao Domingos Church, Figueira Square, Sao Jorge Castle, Portas do Sol viewpoint, S√© Cathedral. Tie your most comfortable shoes and get lost in time in historical Lisbon with our expert tour guides. Meet us every day  at D. Pedro IV Square (Rossio). You can find our yellow shirted team with yellow umbrellas near the statue, right in the middle.",0,0,EUR,Discover Lisbon - Tours & Crawls,https://schema.org/EventScheduled,2024-03-13T10:30:00Z,2024-03-13T13:00:00Z,Alfama Free Walking Tour,Discover the charm of the ‚Äòvillage within a city‚Äô that belongs to the true Portuguese people!,https://www.eventbrite.pt/e/alfama-free-walking-tour-tickets-70125205377,lisbon,Sold out
NA,NA,"Para conheceres um pouco melhor o conceito dos Toastmasters podes assistir √†s sess√µes do Vasco da Gama Toastmasters Club (VGTC), todas as 2¬™ feira √†s 20h, presencialmente ou online. Pede mais informa√ß√µes por email: vascodagama@toastmasters.pt. Curios@ sobre os Toastmasters? Encontra mais respostas no s√≠tio dos Toasmasters International, em https://www.toastmasters.org/about  Sigam o VGTC nas redes sociais: Facebook: https://www.facebook.com/vascodagamaTM/ Instagram: https://www.instagram.com/vascodagamatm/ LinkdIn: https://www.linkedin.com/company/vasco-da-gama-toastmasters-club Compet√™ncias de comunica√ß√£o e de lideran√ßa que poder√£o ser desenvolvidas numa sess√£o Toastmasters:- Superar o nervosismo que todos sentem quando s√£o confrontados a falar perante uma audi√™ncia;- Organizar e apresentar ideias de forma l√≥gica e convicta;- Ouvir cuidadosamente as ideias dos outros;- Ajudar os outros participantes a melhorar as suas compet√™ncias de comunica√ß√£o e de lideran√ßa;- Participar e organizar grupos de discuss√£o e reuni√µes;- Melhorar a autoestima e, o melhor de tudo, passar bons momentos e fazer novos amigos.- H√° sempre feedback e ajuda m√∫tua entre os membros Toastmasters.""Os Toastmasters s√£o uma atividade ""faz-tu-mesmo"". N√£o tenhas medo de usar a tua imagina√ß√£o e iniciativa. Ouve os outros e analisa as suas ideias. Depois forma a tua opini√£o e fala por ti pr√≥prio.""Ralph Smedley",0,0,EUR,Vasco da Gama Toastmasters Club,https://schema.org/EventScheduled,2024-03-13T20:00:00Z,2024-03-13T21:30:00Z,Vasco da Gama Toastmasters Club | Comunicar em P√∫blico | Lideran√ßa,"Nas sess√µes no VGTC melhoramos as nossas capacidades de comunica√ß√£o e lideran√ßa, num ambiente amig√°vel mas exigente, com feedback assertivo.",https://www.eventbrite.com/e/bilhetes-vasco-da-gama-toastmasters-club-comunicar-em-publico-lideranca-826140808397,lisbon,Sold out
1 hour 50 minutes,NA,"Show Up! The conscious community initiative! Come and enjoy a movement and breathwork session at sunrise with likeminded people then join for a cold dip and coffee. Get all the energy you need for another great week in Ericiera. 6.40am start this week. Make sure to wear warm clothes!After the practice we will head connect over a cup of coffee.If you feel like donating, we very much are grateful and thank you for helping us to expand and bring this movement to all globally!",0,0,USD,Show Up Ericeira,https://schema.org/EventScheduled,2024-03-13T06:40:00Z,2024-03-13T08:30:00Z,Show Up Ericeira - Sunrise Session,Come and enjoy a movement and breathwork session at sunrise with likeminded people then join for a cold dip and coffee,https://www.eventbrite.be/e/show-up-ericeira-sunrise-session-tickets-857935276507,lisbon,NA
NA,NA,"Howard's Folly x Ando Living Clubhouse  Wine. Art. Charity. Join us for an evening of swirling, sipping, and savouring as we explore a selection of exquisite wines from Portugal. Whether you're a seasoned wine enthusiast or simply curious to discover new flavours, this event promises to be a delightful journey for your palate. Date: 13 March 2024Time: 18h00 - 19h00Location: 50 Rua Alexandre Herculano 10th floor, 1250-096 Lisboa",0,0,USD,Ando Living,https://schema.org/EventCancelled,2024-03-13T18:00:00Z,2024-03-13T19:00:00Z,Wine Tasting with Howard's Folly Winery,"Come raise a glass with us and let's toast to good company, great wines, and memorable moments!",https://www.eventbrite.pt/e/wine-tasting-with-howards-folly-winery-tickets-855215932877,lisbon,Sold out
NA,NA,"Original Free Walking Tour of Lisbon Join us for the Original Free Walking Tour of Lisbon and explore the vibrant streets of this beautiful city. This in-person event promises an unforgettable experience. Discover the hidden gems, iconic landmarks, and rich history of Lisbon as our knowledgeable guides take you on a journey through its charming neighborhoods. From the colorful streets of Alfama to the lively Bairro Alto, you'll get a taste of the local culture and traditions. During this walking tour, you'll have the opportunity to admire the stunning architecture and learn fascinating stories about Lisbon's past and present. Our guides are passionate about the city and will ensure you have a memorable and authentic experience. Whether you're a history enthusiast, a food lover, or simply curious about Lisbon, this Original Free Walking Tour is the perfect way to explore the city. Don't miss out on this opportunity to immerse yourself in the vibrant atmosphere of Lisbon!",0,0,USD,Lisbon Chill Out Tours,https://schema.org/EventCancelled,2024-03-12T15:00:00Z,2024-03-12T18:00:00Z,Original Free Walking Tour of Lisbon - A Proud Local Perspective,"The original and most complete free walking tour in Lisbon. A free tour through all the historical neighborhoods, guided by locals.",https://www.eventbrite.pt/e/original-free-walking-tour-of-lisbon-a-proud-local-perspective-tickets-762795500877,lisbon,Sold out
NA,Contact the organizer to request a refund.,"It is our pleasure to invite all scientists, academicians, young researchers, business delegates and students from all over the world to attend the 3rd International Conference on Renewable and Sustainable energy conference will be held in Lisbon, Portugal during March 11-13, 2024. RENEWABLEMEET 2024 Conference provides a platform of international standards where you can discuss and share persuasive key advances in Renewable and Sustainable Energy. In addition to Presentations, Workshops, and Discussions, the conference also offers a unique venue for renewing professional relationships, networking and for remaining up-to-date variations in our challenging and expanding discipline. RENEWABLEMEET 2024 we have not only increased the number of opportunities for you to network with colleagues from across the world but also introduced more focused sessions that will feature cutting edge presentations, special panel discussions, and livelier interaction with industry leaders and experts. We√¢‚Ç¨‚Ñ¢re looking forward to an excellent meeting with scientists from different countries around the world and sharing new and exciting results in Renewable and Sustainable energy.",427.6,1067.84,USD,Albedo Meetings,https://schema.org/EventScheduled,2024-03-11T08:00:00Z,2024-03-13T17:30:00Z,RENEWABLEMEET2024,3RD INTERNATIONAL MEET ON RENEWABLE AND SUSTAINABLE ENERGY,https://www.eventbrite.com/e/renewablemeet2024-tickets-837316073917,lisbon,Sold out
2 horas,NA,"As Empresas, o Emprego e o Empreendedorismo. O principal objectivo desta feira de emprego, onde estar√° integrado o debate que faremos, ser√° abrir portas para um novo modelo de integra√ß√£o das novas gera√ß√µes no mercado de trabalho e ajud√°-los a entender o empreendedorismo. Desejamos ""formatar"" estes jovens para darem continuidade ao futuro do pa√≠s, bebendo das nossas experi√™ncias e conhecimento. As tem√°ticas propostas s√£o: 1 - As oportunidades2 - O mercado atual3 - A transforma√ß√£o Digital4 - As novas gera√ß√µes Gostar√≠amos de contar convosco para nestas 2 horas de debate, criarmos um novo legado, para ""contagiar"" as empresas e os jovens presentes com uma vis√£o que permita criar uma ""super nova gera√ß√£o"" de profissionais e empreendedores.",0,0,EUR,BusinessPoint,https://schema.org/EventScheduled,2024-03-13T15:00:00Z,2024-03-13T17:00:00Z,Empreender 2024,Abrir horizontes de integra√ß√£o das novas gera√ß√µes no mercado de trabalho e ajud√°-los a entender o empreendedorismo,https://www.eventbrite.com/e/bilhetes-empreender-2024-853041288457,lisbon,NA
NA,Contact the organizer to request a refund.,"Be the hero of a city game where you will navigate √âvora, one of Portugal‚Äôs most charming cities. You will learn about the city‚Äôs rich past and ancient, multicultural heritage. From Iberian Celtics to Romans to North African Moors, you will explore all of √âvora‚Äôs famous landmarks that celebrate those who have passed here throughout the centuries. √âvora may seem quiet on the surface but within lie many secrets. Are you ready to uncover them? The route you‚Äôre going to follow in the city is sprinkled with unique places, fun clues and challenges, and incredible stories. The experience will play out like you‚Äôre the main characters of a movie, only that you‚Äôre experiencing everything in first person! Fun dialogue, intrigue, and unexpected interactions are guaranteed. HOW IT WORKS‚ùì 1. Book your tickets üé´ 2. Download the Questo app - it's free üì≤ 3. Head to the starting pointüìç WHAT YOU‚ÄôLL DO The game is an interactive activity where you are guided by a mobile app through the city. With it, you follow directions and solve very fun puzzles, riddles, and cryptic codes. During the game, you will also visit popular and hidden places in the city while learning fun (and we mean it) stories about them. This is a storytelling experience just as much. The people doing these city exploration games gave them an average rating of 4.7/5 around the world. Join the playground too! ------------------ More about Questo üö∂‚Äç‚ôÄÔ∏è Questo is an urban entertainment platform offering thematic real-world exploration games. It is currently available in over 150 cities üåé and has entertained hundreds of thousands of players already. As of today, the app offers more than 400 different experiences created by a growing network of local content creators and event organizers.",9.99,39.99,EUR,Questo - City Exploration Games,https://schema.org/EventScheduled,2024-03-12T14:00:00Z,2024-03-12T15:30:00Z,Highlights of Evora Outdoor Escape Game: From Celtics to Romans,"Follow clues, solve puzzles, discover new places and learn incredible stories of the city's past and present during this city adventure.",https://www.eventbrite.com/e/highlights-of-evora-outdoor-escape-game-from-celtics-to-romans-tickets-734400340187,lisbon,Sold out
