Duration,Ticket_Type,Refund_Policy,Description,LowPrice,HighPrice,Currency,Organizer,EventStatus,StartTime,EndTime,Title,Subtitle,url,City
NA,Sold out,Contatta l'organizzatore per richiedere un rimborso.,"Ciao a tutti, per la raccolta fondi per il Campo Scuola della 3¬∞C vi invitiamo al laboratorio ""Alla scoperta della stampa 3D - Seminario per giovani inventori e inventrici"" che si terr√† alla Casa del Custode i giorni 15-22 Febbraio in orario 17:00-18:30 e 4-11 Marzo in orario 17:00-18:30. Il corso √® rivolto a giovani inventori e inventrici tra 8 e 13 anni ! Ci sono 10 posti disponibili per ogni giornata e la donazione consigliata √® di 15‚Ç¨ (a testa a giornata), ma chi vuole pu√≤ donare di pi√π üôÇ. Grazie in anticipo per il supporto ! Tutto il ricavato sara‚Äô destinato al campo scuola della 3¬∞C.",0,0,EUR,Fab Lab Olbia,https://schema.org/EventScheduled,2024-03-11T16:00:00Z,2024-03-11T17:30:00Z,Alla scoperta della stampa 3D-Seminario per giovani inventori e inventrici,Il primo corso di arte e creativit√† digitale della scuola Carlo Pisacane !,https://www.eventbrite.it/e/biglietti-alla-scoperta-della-stampa-3d-seminario-per-giovani-inventori-e-inventrici-804023173957,roma
NA,Sold out,Contact the organizer to request a refund.,NA,117.53,117.53,EUR,Cozymeal,https://schema.org/EventScheduled,2024-03-11T16:00:00Z,2024-03-11T19:00:00Z,Taste the Best of the Trastevere District - Food Tours by Cozymeal‚Ñ¢,"Learn all about Rome's incredible culture while enjoying the city's favorite fare with Cozymeal! Join the upcoming food tour, ‚ÄúTaste the Best of the Trastevere District‚Äù, with Guide Jorge or Local Guide for a fun 3-hour experience with 5 tastings along the way.Cozymeal offers a variety of culinary experiences, including cooking classes, team building activities, food tours and private chef services. We‚Äôll give you a unique, unforgettable experience hosted by incredible chefs and guides in over 70 cities across the U.S. and Canada. Book a culinary experience with Cozymeal and let theus take care of the rest.For additional information and dates visit Taste the Best of the Trastevere District",https://www.eventbrite.com/e/taste-the-best-of-the-trastevere-district-food-tours-by-cozymealtm-tickets-788767002337,roma
NA,Sold out,Contact the organizer to request a refund.,NA,96.19,96.19,EUR,Cozymeal,https://schema.org/EventScheduled,2024-03-11T16:00:00Z,2024-03-11T18:30:00Z,Homemade Pasta and Roman Sauce - Cooking Class by Cozymeal‚Ñ¢,"Phenomenal food and incredible company await you at the chef's table! Join Cozymeal‚Äôs upcoming cooking class Join ‚ÄúHomemade Pasta and Roman Sauce‚Äù with Chef Davide for an intimate 2.5-hour culinary experience and 3-course meal.Cozymeal offers a variety of culinary experiences, including cooking classes, team building activities, food tours and private chef services. We‚Äôll give you a unique, unforgettable experience hosted by incredible chefs and guides in over 70 cities across the U.S. and Canada. Book a culinary experience with Cozymeal and let theus take care of the rest.For additional information and dates visit Homemade Pasta and Roman Sauce",https://www.eventbrite.com/e/homemade-pasta-and-roman-sauce-cooking-class-by-cozymealtm-tickets-797526161217,roma
NA,Sold out,Contact the organizer to request a refund.,NA,91.92,91.92,EUR,Cozymeal,https://schema.org/EventScheduled,2024-03-11T16:00:00Z,2024-03-11T18:00:00Z,Scratch-Made Italian Gnocchi - Team Building by Cozymeal‚Ñ¢,"Book a unique team building event centered around sharing an incredible meal together! Join Cozymeal‚Äôs team building activity ‚ÄúScratch-Made Italian Gnocchi‚Äù with Chef Davide and connect with your team during a 2-hour culinary experience  and enjoy a 3-course meal together.Cozymeal offers a variety of culinary experiences, including cooking classes, team building activities, food tours and private chef services. We‚Äôll give you a unique, unforgettable experience hosted by incredible chefs and guides in over 70 cities across the U.S. and Canada. Book a culinary experience with Cozymeal and let theus take care of the rest.For additional information and dates visit Scratch-Made Italian Gnocchi",https://www.eventbrite.com/e/scratch-made-italian-gnocchi-team-building-by-cozymealtm-tickets-797526311667,roma
NA,Sold out,Contact the organizer to request a refund.,NA,91.92,91.92,EUR,Cozymeal,https://schema.org/EventScheduled,2024-03-11T16:00:00Z,2024-03-11T18:00:00Z,Roman Pizza Feast - Team Building by Cozymeal‚Ñ¢,"Book a unique team building event centered around sharing an incredible meal together! Join Cozymeal‚Äôs team building activity ‚ÄúRoman Pizza Feast‚Äù with Chef Davide and connect with your team during a 2-hour culinary experience  and enjoy a 3-course meal together.Cozymeal offers a variety of culinary experiences, including cooking classes, team building activities, food tours and private chef services. We‚Äôll give you a unique, unforgettable experience hosted by incredible chefs and guides in over 70 cities across the U.S. and Canada. Book a culinary experience with Cozymeal and let theus take care of the rest.For additional information and dates visit Roman Pizza Feast",https://www.eventbrite.com/e/roman-pizza-feast-team-building-by-cozymealtm-tickets-797484476537,roma
NA,Sold out,Contact the organizer to request a refund.,NA,91.92,91.92,EUR,Cozymeal,https://schema.org/EventScheduled,2024-03-11T16:00:00Z,2024-03-11T18:00:00Z,Fresh Homemade Pasta - Team Building by Cozymeal‚Ñ¢,"Book a unique team building event centered around sharing an incredible meal together! Join Cozymeal‚Äôs team building activity ‚ÄúFresh Homemade Pasta‚Äù with Chef Davide and connect with your team during a 2-hour culinary experience  and enjoy a 3-course meal together.Cozymeal offers a variety of culinary experiences, including cooking classes, team building activities, food tours and private chef services. We‚Äôll give you a unique, unforgettable experience hosted by incredible chefs and guides in over 70 cities across the U.S. and Canada. Book a culinary experience with Cozymeal and let theus take care of the rest.For additional information and dates visit Fresh Homemade Pasta",https://www.eventbrite.com/e/fresh-homemade-pasta-team-building-by-cozymealtm-tickets-797484566807,roma
NA,Sold out,Contact the organizer to request a refund.,NA,106.86,106.86,EUR,Cozymeal,https://schema.org/EventScheduled,2024-03-11T16:00:00Z,2024-03-11T19:00:00Z,A Culinary Adventure in Charming Trastevere - Food Tours by Cozymeal‚Ñ¢,"Learn all about Rome's incredible culture while enjoying the city's favorite fare with Cozymeal! Join the upcoming food tour, ‚ÄúA Culinary Adventure in Charming Trastevere‚Äù, with Guide Jorge or Local Guide for a fun 3-hour experience with 5 tastings along the way.Cozymeal offers a variety of culinary experiences, including cooking classes, team building activities, food tours and private chef services. We‚Äôll give you a unique, unforgettable experience hosted by incredible chefs and guides in over 70 cities across the U.S. and Canada. Book a culinary experience with Cozymeal and let theus take care of the rest.For additional information and dates visit A Culinary Adventure in Charming Trastevere",https://www.eventbrite.com/e/a-culinary-adventure-in-charming-trastevere-food-tours-by-cozymealtm-tickets-792315154957,roma
NA,Sold out,Contatta l'organizzatore per richiedere un rimborso.,"Accompagnateci in un viaggio del XVIII Secolo‚Ä¶ L‚ÄôOrchestra Barocca ‚ÄúOpera in Roma‚Äù e solisti di fama internazionale, creano un‚Äôatmosfera unica nel suo genere nella splendida Chiesa di San Paolo entro le Mura. Soprattutto la sapiente scelta dei brani musicali da allo spettatore l‚Äôimpressione di assistere ad un autentico concerto dell‚Äôepoca barocca! ‚Ä®I programmi dei concerti comprendono l‚Äôesecuzione del famoso concerto per violino solista ‚ÄúLe Quattro Stagioni‚Äù di Antonio Vivaldi nonch√© le celebri cantate di Bach per voce solista che entusiasmano il pubblico. L‚ÄôOrchestra Barocca ‚ÄúOpera in Roma‚Äù e i suoi artisti emozioneranno anche voi! Join us on a journey back to the 18th century‚Ä¶ The ‚ÄúOpera in Roma‚Äù Baroque Orchestra and internationally renowned soloists create a special atmosphere in the St. Paul Within the Walls Church. Principally the choice of works gives an impression of an authentic concert of the baroque era! The programs of the concerts includes the work of the famous concerto for solo violin ""The Four Seasons"" by Antonio Vivaldi and the famous Bach cantatas for solo voice that enthuse the audience. The Baroque Orchestra ""Opera in Rome"" and its artists will inspire you too! Enjoy the ‚ÄúOpera in Roma‚Äù Baroque Orchestra!",25,50,EUR,Operainroma S.R.L.S,https://schema.org/EventScheduled,2024-03-11T19:30:00Z,2024-03-11T20:30:00Z,Vivaldi's Four Seasons and Bach's Masterpieces,The best of Vivaldi and Bach,https://www.eventbrite.it/e/biglietti-vivaldis-four-seasons-and-bachs-masterpieces-175322633717,roma
NA,Sold out,Refunds up to 1 day before event,"Join an authentic Italian cooking class in the heart of Rome, where you'll learn to create two of Italy's most beloved dishes: Pasta and Tiramis√π! So come join us for an unforgettable culinary experience in the heart of Rome, and learn to make delicious Pasta and Tiramis√π like a true Italian!",70,70,EUR,Naples Together,https://schema.org/EventScheduled,2024-03-11T09:15:00Z,2024-03-11T11:15:00Z,Cooking Class in the Heart of Rome: Make Pasta & Tiramisu with Wine,Experience the flavors of Italy in an unforgettable cooking class in Rome!,https://www.eventbrite.com/e/cooking-class-in-the-heart-of-rome-make-pasta-tiramisu-with-wine-tickets-807921664447,roma
NA,Sold out,Contact the organizer to request a refund.,"Do you spend your time playing with Ouija boards and watching spooky videos indoors? Yawn. Newsflash: your twenty-year-old house is about as haunted as YouTube ‚Äì MySpace at a push. The present (and past) is outside, in real life, where all the creepy buildings, monuments and verifiable ghost sightings hotspots are. With this in mind, we‚Äôre inviting you to visit places that are truly haunted. Let that sink in for a moment. The route you will follow is full of haunted and spooky places, mysterious clues and challenges, and real facts/accounts from the past and present. The experience will play out like you‚Äôre the main characters of a movie, only that you‚Äôre experiencing everything in the first person! Fun dialogue, intrigue, and unexpected interactions are guaranteed. Let's play a real-world adventure! HOW IT WORKS‚ùì 1. Book your tickets üé´ 2. Download the Questo app - it's free üì≤] 3. Head to the starting pointüìç WHAT YOU‚ÄôLL DO The game is an interactive activity where you are guided by a mobile app through the city. With it, you follow directions and solve very fun puzzles, riddles, and cryptic codes. During the game, you will also visit popular and hidden places in the city while learning fun (and we mean it) stories about them. This is a storytelling experience just as much. The people doing these city exploration games gave them an average rating of 4.7/5 around the world. Join the playground too! - - - - - More about Questo üö∂‚Äç‚ôÄÔ∏è Questo is an urban entertainment platform offering thematic real-world exploration games. It is currently available in over 130 cities üåé and has entertained hundreds of thousands of players already. As of today, the app offers more than 300 different experiences created by a growing network of local content creators and event organizers.",11.99,34.99,EUR,Questo - City Exploration Games,https://schema.org/EventScheduled,2024-03-11T11:00:00Z,2024-03-11T12:30:00Z,Ghosts of Rome: Haunting Stories Outdoor Escape Game,Looking to get spooked or spook someone else? Then put on your vampire teeth and get booking: this is your opportunity to do exactly that!,https://www.eventbrite.com/e/ghosts-of-rome-haunting-stories-outdoor-escape-game-tickets-517524859787,roma
NA,Sold out,Contact the organiser to request a refund.,"The best cooking class in the ancient neighborhood of Rome, Trastevere, with Ilaria Sparla. Ilaria is a professional Italian chef who comes from three generations of family cooks. In this experience she will teach you and she will cook Roman recipes with you in her private home and in her garden. You will be able to appreciate and savor the flavors of ancient Roman cuisine in an unrepeatable culinary experience. Ilaria is always ready to create vegetarian dishes for you with her family's recipes! When the weather is nice we will use, for lunch and for dinner, my private garden especially during the summer time. ¬† What to expect We will start with an aperitif based on local products then we will knead flour and fresh organic eggs to prepare fresh pasta together.¬† Create your own dessert from a family recipe, and savor your creations paired with a bottle of Italian wine. Ilaria will show you all the secrets for an excellent result. At the end of the lesson you can enjoy lunch or dinner. Example menu ¬† Starter welcome aperitif with fresh toasted bread, fresh organic cherry tomatoes and local 0 km extra virgin olive oil. Pecorino romano cheese with walnuts and honey. Fried artichokes, typical recipe of Jewish-Roman cuisine. ¬† Main course¬† Fettuccine Cacio e Pepe and Tonnarelli with organic and fresh cherry tomato sauce Dessert¬† A special Tiramisu made with a traditional family recipe, top secret! ¬† Drinks: Organic and local wine, water and moka coffee! ¬† All included in the price.",70.58,70.58,EUR,Ilaria,https://schema.org/EventScheduled,2024-03-11T09:30:00Z,2024-03-11T12:30:00Z,Let's cook and eat together with a Real Italian Chef in Trastevere,"THE BEST COOKING CLASS WITH A PROFESSIONAL ITALIAN CHEF! LUNCH OR DINNER, DESSERT & OPEN WINE BAR INCLUDED",https://www.eventbrite.com/e/lets-cook-and-eat-together-with-a-real-italian-chef-in-trastevere-tickets-746096935017,roma
NA,Sold out,Refunds up to 7 days before event,"The Gruppo Storico Romano in collaboration with the gladiators of his Gladiator School offers short courses of gladiatura , daily or weekly , with preparation and personal training programs. At the end of the period of preparation, the aspiring gladiator, if deemed appropriate, and his choice, will continue the learning phase and then become part of the Gladiator School in Rome, the first school ever to teach the discipline of art as well old but still quite charming . If you also want to become a gladiator, even if only for a day, and you‚Äôd like to relive the same emotions as two thousand years ago, come see us in Via Appia Antica 18 and you will enter in the story.  You‚Äôll discover the secrets of Imperial Rome‚Äôs gladiator games, get hands-on with ancient Roman history and have the best fun you can imagine! In addition, we will give you the opportunity to visit the Historical Museum ‚Äì Didactic of our Association, and wear armor true by simulating battles with teachers and young people like you who wish to try their hand at this new ‚Äù sport.‚Äù You‚Äôll spend a couple of hours with very close-knit friends who wish to expand and grow the Gladiator School in Rome.",120,388.34,EUR,Gruppo Storico Romano,https://schema.org/EventScheduled,2024-03-11T08:00:00Z,2024-03-11T10:00:00Z,Gladiator School,"Un tuffo nel passato, vivi l'emozione di sentirti parte della storia che ha affascinato il mondo intero",https://www.eventbrite.it/e/gladiator-school-tickets-207757617627,roma
NA,Sold out,Contact the organizer to request a refund.,NA,106.86,106.86,EUR,Cozymeal,https://schema.org/EventScheduled,2024-03-11T09:00:00Z,2024-03-11T12:00:00Z,A Sip and Savor Stroll in Rome - Food Tours by Cozymeal‚Ñ¢,"Learn all about Rome's incredible culture while enjoying the city's favorite fare with Cozymeal! Join the upcoming food tour, ‚ÄúA Sip and Savor Stroll in Rome‚Äù, with Guide Jorge or Local Guide for a fun 3-hour experience with 8 tastings along the way.Cozymeal offers a variety of culinary experiences, including cooking classes, team building activities, food tours and private chef services. We‚Äôll give you a unique, unforgettable experience hosted by incredible chefs and guides in over 70 cities across the U.S. and Canada. Book a culinary experience with Cozymeal and let theus take care of the rest.For additional information and dates visit A Sip and Savor Stroll in Rome",https://www.eventbrite.com/e/a-sip-and-savor-stroll-in-rome-food-tours-by-cozymealtm-tickets-780336235687,roma
NA,Sold out,Contact the organizer to request a refund.,"A 60 second glance at each artefact in the Vatican Museums and the Sistine Chapel would cost you 13 years of your life! To make sure you don‚Äôt leave with grey hair, this escape game will guide you through a hand-picked collection of highlights and intriguing artefacts found in the museums. It will also provide you with a comprehensive and entertaining history of its many wonders. You‚Äôre a click away from unlocking our most exciting Vatican experience! Please note that the opening hours for the Vatican Museum are the following: Mon - Thu 8:30 - 18:30 Fri - Sat 8:30 - 22:30 Sun - Closed ! Important disclaimer: please note that this game can only be played if you have purchased entry tickets to the Vatican Museums. The route you‚Äôre going to follow in the city is sprinkled with unique places, fun clues and challenges, and incredible stories of past and present. The experience will play out like you‚Äôre the main characters of a movie, only that you‚Äôre experiencing everything in first person! Fun dialogue, intrigue, and unexpected interactions are guaranteed. HOW IT WORKS‚ùì 1. Book your tickets üé´ 2. Download the Questo app - it's free üì≤ 3. Head to the starting pointüìç WHAT YOU‚ÄôLL DO The game is an interactive activity where you are guided by a mobile app through the city. With it, you follow directions and solve very fun puzzles, riddles, and cryptic codes. During the game, you will also visit popular and hidden places in the city while learning fun (and we mean it) stories about them. This is a storytelling experience just as much. The people doing these city exploration games gave them an average rating of 4.7/5 around the world. Join the playground too! ------------------ More about Questo üö∂‚Äç‚ôÄÔ∏è Questo is an urban entertainment platform offering thematic real-world exploration games. It is currently available in over 150 cities üåé and has entertained hundreds of thousands of players already. As of today, the app offers more than 400 different experiences created by a growing network of local content creators and event organizers.",9.99,39.99,EUR,Questo - City Exploration Games,https://schema.org/EventScheduled,2024-03-11T11:00:00Z,2024-03-11T12:30:00Z,Vatican Museums & The Sistine Chapel: Outdoor Escape Game,"Follow clues, solve puzzles, discover new places and learn incredible stories of the city's past and present during this city adventure.",https://www.eventbrite.com/e/vatican-museums-the-sistine-chapel-outdoor-escape-game-tickets-730847142477,roma
NA,Sold out,Contact the organizer to request a refund.,"Explore the Pantheon, the Colosseum, and the secret sites of Rome through a fascinating walking tour! During the tour you will help the Roman Emperor to gradually understand the meaning of his dreams. You will use your phone to follow clues and solve puzzles in Rome's most beautiful landmarks while learning about their history. The route you‚Äôre going to follow in the city is sprinkled with unique places, fun clues and challenges, and incredible stories. The experience will play out like you‚Äôre the main characters of a movie, only that you‚Äôre experiencing everything in first person! Fun dialogue, intrigue, and unexpected interactions are guaranteed. HOW IT WORKS‚ùì 1. Book your tickets üé´ 2. Download the Questo app - it's free üì≤ 3. Head to the starting pointüìç WHAT YOU‚ÄôLL DO  The game is an interactive activity where you are guided by a mobile app through the city. With it, you follow directions and solve very fun puzzles, riddles, and cryptic codes. During the game, you will also visit popular and hidden places in the city while learning fun (and we mean it) stories about them. This is a storytelling experience just as much. The people doing these city exploration games gave them an average rating of 4.7/5 around the world. Join the playground too! ------------------ More about Questo üö∂‚Äç‚ôÄÔ∏è Questo is an urban entertainment platform offering thematic real-world exploration games. It is currently available in over 150 cities üåé and has entertained hundreds of thousands of players already. As of today, the app offers more than 400 different experiences created by a growing network of local content creators and event organizers.",9.99,29.99,EUR,Questo - City Exploration Games,https://schema.org/EventScheduled,2024-03-11T11:00:00Z,2024-03-11T12:30:00Z,Rome Outdoor Escape Game: The Emperor's Dream,"Follow clues, solve puzzles, discover new places and learn incredible stories of the city's past and present during this city adventure.",https://www.eventbrite.com/e/rome-outdoor-escape-game-the-emperors-dream-tickets-654320017787,roma
NA,Sold out,Contact the organizer to request a refund.,"Are you ready for a mysterious tour through the most beautiful park of Rome?  During this fascinating quest through the idyllic park of Villa Borghese, you will encounter some fantastic art and interesting personas as you meet many Sad Souls who will tell you the history of the park through their eyes. But are you able to help them, as well? This self-guided tour will be full of challenges, clues and puzzles. It is the ideal way to get away from the crowds and turn a walk in the park into a real adventure! The route you‚Äôre going to follow in the city is sprinkled with unique places, fun clues and challenges, and incredible stories. The experience will play out like you‚Äôre the main characters of a movie, only that you‚Äôre experiencing everything in first person! Fun dialogue, intrigue, and unexpected interactions are guaranteed. HOW IT WORKS‚ùì 1. Book your tickets üé´ 2. Download the Questo app - it's free üì≤ 3. Head to the starting pointüìç WHAT YOU‚ÄôLL DO  The game is an interactive activity where you are guided by a mobile app through the city. With it, you follow directions and solve very fun puzzles, riddles, and cryptic codes. During the game, you will also visit popular and hidden places in the city while learning fun (and we mean it) stories about them. This is a storytelling experience just as much. The people doing these city exploration games gave them an average rating of 4.7/5 around the world. Join the playground too! ------------------ More about Questo üö∂‚Äç‚ôÄÔ∏è Questo is an urban entertainment platform offering thematic real-world exploration games. It is currently available in over 150 cities üåé and has entertained hundreds of thousands of players already. As of today, the app offers more than 400 different experiences created by a growing network of local content creators and event organizers.",9.99,29.99,EUR,Questo - City Exploration Games,https://schema.org/EventScheduled,2024-03-11T11:00:00Z,2024-03-11T12:30:00Z,Rome Outdoor Escape Game: The Sad Souls of Villa Borghese,"Follow clues, solve puzzles, discover new places and learn incredible stories of the city's past and present during this city adventure.",https://www.eventbrite.com/e/rome-outdoor-escape-game-the-sad-souls-of-villa-borghese-tickets-541024818797,roma
NA,Sold out,Contatta l'organizzatore per richiedere un rimborso.,"Join Chef Ilaria for an authentic cooking class, you will learn how to prepare fresh pasta with famous Italian sauces from scratch. After meeting Ilaria in her home, she will welcome you to show you the art of making pasta. By booking the lesson you will be able to learn: how to make pasta dough filled pasta (such as ravioli, tortellini, agnolotti, cappelletti and more) long pasta (such as fettuccine, spaghetti, tagliolini) how to make a pasta filling how to make sauces everything will be accompanied by excellent Italian wine.  After this lesson, fresh pasta will be your culinary skill! Ilaria will provide you with only the freshest, local, small-produce ingredients to show you how to make famous pasta sauces. Being a Roman chef, Ilaria's main sauces are Amatriciana, Carbonara, Cacio e Pepe, Puttanesca and more. At the end of the course we will eat everything we have prepared together and there will be a surprise dessert prepared by the chef! So, what are you waiting for? Join the course and come learn how to make pasta with Ilaria!",54.56,54.56,EUR,Ilaria,https://schema.org/EventScheduled,2024-03-11T09:30:00Z,2024-03-11T12:30:00Z,The Pasta Party,"ARE YOU READY FOR THIS UNIQUE PASTA COURSE? WE WILL PREPARE RAVIOLI, FETTUCCINE AND MORE! LUNCH OR DINNER, DESSERT & WINE INCLUDED",https://www.eventbrite.com/e/biglietti-the-pasta-party-812524090427,roma
NA,Sold out,Refunds up to 1 day before event,"Experience the thrilling adventure of rafting through the heart of Rome with our exciting tour! The meeting point is conveniently located near the large Porta del Popolo, just a short walk from the Flaminio metro station. Once we arrive, our expert guides will provide a comprehensive safety briefing, covering everything from proper boat behavior to paddle commands, paddling techniques, equipment, and what to do in case of an emergency. Once we're geared up and ready to go, we'll embark on a tranquil river descent, leaving behind the city's hustle and bustle to explore the Tiber River's beautiful scenery. Our journey takes us past ancient and modern bridges, and after a bend, we'll come face-to-face with the majestic Castel S. Angelo and the impressive Cupolone in the background! This is an unparalleled view that you don't want to miss! As we continue down the river, we'll arrive at the Tiber Island, where the ferry takes the right branch and stops shortly after the Garibaldi Bridge. We'll take the left branch and encounter the exciting rapids under the Garibaldi and Fabricio Bridges, both ancient Roman bridges. Finally, our journey takes us under the only remaining arch of Ponte Rotto, leading us to the right bank's Ripa Grande Port. The entire tour lasts approximately two hours, and throughout the journey, we'll be surrounded by Rome's breathtaking views. Join us for an unforgettable experience that combines adventure, excitement, and history in the heart of Rome. Our experienced guides will ensure your safety while providing valuable insights into Rome's rich history and culture. Don't miss out on this once-in-a-lifetime opportunity to explore Rome from a unique perspective!",59,59,EUR,Naples Together,https://schema.org/EventScheduled,2024-03-11T09:30:00Z,2024-03-11T11:30:00Z,Rome Rafting Experience in the Tiber River,Experience the thrill of rafting through the heart of Rome with our expert guides!,https://www.eventbrite.com/e/rome-rafting-experience-in-the-tiber-river-tickets-818901635837,roma
NA,Sold out,Contact the organizer to request a refund.,"Follow in the steps of character Robert Langdon in ""Angels and Demons"" on this downloadable quest. Walk around Rome, solving games and clues to unlock the next destination, revealed on your smartphone. You can immerse yourself in Langdon's story as well as the history of Rome, moving at your own pace and taking as long as you like. On this unique Rome walk, you will visit the most important Rome attractions while solving a mission as Robert Langdon. You will use your phone to follow clues and solve puzzles in your surroundings while discovering Rome landmarks such as Castel Sant‚ÄôAngelo, St. Peter‚Äôs Square, or the Trevi Fountain. This Angels and Demons tour shaped like an exploration game will take you on an unconventional Rome tour which teaches you fun and fascinating bits of history about each place visited as you play around the city. Give this Angels and Demons tour a try and you can be sure that your entire family will absolutely love it, it‚Äôs fun for any age! There‚Äôs something in it for everyone. How‚Äôs this different from a normal Rome Tour? You will solve entertaining clues and puzzles found in your surroundings You will be able to have a coffee or ice-cream break whenever you want, with the option to resume at any time You will have complete privacy, there‚Äôs no guide or groups involved You will play the role of Robert Langdon from the Angels and Demons movie and novel while you explore the most impressive Rome attractions. Your mission is to find all the clues that will help you solve the mystery of the recently kidnapped cardinals. This is a mission only you can complete, so brace yourself and get cracking on this new case! Full flexibility: start at any hour, take a break at any time and resume later This is always available. It's 24/7, every day of the week. This is the safest event you can book: private, no human contact, you will avoid crowds. Play offline: you DON'T NEED an internet connection to play this city game. HOW IT WORKS‚ùì 1. Book your tickets üé´ 2. Download the Questo app - it's free üì≤ 3. Head to the starting pointüìç WHAT YOU‚ÄôLL DO  The game is an interactive activity where you are guided by a mobile app through the city. With it, you follow directions and solve very fun puzzles, riddles, and cryptic codes. During the game, you will also visit popular and hidden places in the city while learning fun (and we mean it) stories about them. This is a storytelling experience just as much. The people doing these city exploration games gave them an average rating of 4.7/5 around the world. Join the playground too! ------------------ More about Questo üö∂‚Äç‚ôÄÔ∏è Questo is an urban entertainment platform offering thematic real-world exploration games. It is currently available in over 130 cities üåé and has entertained hundreds of thousands of players already. As of today, the app offers more than 300 different experiences created by a growing network of local content creators and event organizers.",11.99,34.99,USD,Questo - City Exploration Games,https://schema.org/EventScheduled,2024-03-11T11:00:00Z,2024-03-11T12:30:00Z,Rome Outdoor Escape Game: Angels and Demons Illuminati Hunt,"Follow in the steps of character Robert Langdon in ""Angels and Demons""! Walk around Rome, solving clues to unlock the next destination.",https://www.eventbrite.com/e/rome-outdoor-escape-game-angels-and-demons-illuminati-hunt-tickets-467441900307,roma
NA,Sold out,Refunds up to 7 days before event,"TIME IS OPEN! OPEN YOUR MIND. NO ONE CAN STOP YOU UNLESS YOU DECIDE. TIME IS OPEN! WE DON‚ÄôT NEED TO BE HERE, THE ONLY TIME THAT KEEPS US LIMITED, ARE TIMES OF FEAR. TIME IS OPEN! IT IS WITHIN EVERY BREATH, & WITHIN EVERY HEARTBEAT. TIME IS OPEN! IT HAS MORE THAN 24 HOURS IN ITS DAY, THAT TIME IS YOURS, SO BE FOOLED NOT, BY WHAT PEOPLE SAY. TIME IS OPEN! STOP SITTING AROUND, FOR THE LIGHT, THE AIR, THE WATER, AND ITS FIRE IS YOUR GROUND, SO RISE AND SEE THEM AND MAKE THEM SOUND. TIME IS OPEN! IT IS THE EYE OF THE INVENTOR, THE PAINTER, THE STORYTELLER, AND THE CREATOR. TIME IS OPEN! ITS GATES ARE RAINBOWS OF LIFES LIGHT, THAT ARE HERE, THERE, AND EVERYWHERE. TIME IS OPEN! IT DOESN‚ÄôT LIE, NOR DOES IT STEAL, FEEL ITS TRUTH FEEL ITS ASPIRATIONS AND SEE TIMES INSPIRATIONS. TIME IS OPEN! I STAND AT TIMES UNIVERSAL GATES AT THE 5TH DIMENSION, AND YOU TOO LIKE ME CAN STAND HERE AND BE ITS KEEPER. TIME IS OPEN! YOUR TRUE IDENTITIES ARE ALWAYS HERE, THEY LISTEN INTENTLY FOR YOUR MUSIC TO FIND YOU, BUT THERE IS NOTHING TO HERE. TIME IS OPEN. YOU ARE NOT YOUR NAME, YOU ARE THE GENESIS OF CONSCIOUSNESS, AND IT IS THIS MUSIC, THAT YOU MUST PROCLAIM. ""I AM NOT MY NAME, I AM THE WAVE OF TIMES GENESIS! "" ""I AM NOT MY NAME, I AM A WAVE OF TIMES GENESIS!"" YOU ARE TIMES SCENT, YOU ARE TIMES TASTE, YOU ARE TIMES TOUCH, AND YOU ARE TIMES SOUND. AND WHEN TIME IS OPENED AROUND THE THOUGHTS IN THIS LIFE WE HOLD, THE GATES OF THE 4TH DIMENSION AND OUR MINDS WILL UNFOLD, AS BEACONS OF LIGHT, MAKING US BOLD. WHEN TIMES CLOCK IS OPEN, WE DON‚ÄôT CHASE TIME, TIME COMES INTO LIFE AS VISIONS AND TOKENS. Meta Tech Organica ‚Äì Excited about New Dimensions of LIVING. Mind ReMapping N.B. ALL EVENTS ARE ONLINE",14.99,44.99,GBP,Gavin  Gooden,https://schema.org/EventScheduled,2024-03-11T18:00:00Z,2024-03-11T19:30:00Z,QUADRILATERAL THINKING  - TIME IS OPEN !  - ONLINE - Rome,"The MIND ReMapping  Philosophy: ""Be so Creatively removed from reality, that the Mind has no choice, but to come out of hiding‚Ä¶.""",https://www.eventbrite.co.uk/e/quadrilateral-thinking-time-is-open-online-rome-tickets-656981087117,roma
NA,Sold out,Contact the organizer to request a refund.,NA,106.86,106.86,EUR,Cozymeal,https://schema.org/EventScheduled,2024-03-11T09:00:00Z,2024-03-11T12:00:00Z,"Iconic Eats in Rome, Italy - Food Tours by Cozymeal‚Ñ¢","Learn all about Rome's incredible culture while enjoying the city's favorite fare with Cozymeal! Join the upcoming food tour, ‚ÄúIconic Eats in Rome, Italy‚Äù, with Guide Jorge or Local Guide for a fun 3-hour experience with 8 tastings along the way.Cozymeal offers a variety of culinary experiences, including cooking classes, team building activities, food tours and private chef services. We‚Äôll give you a unique, unforgettable experience hosted by incredible chefs and guides in over 70 cities across the U.S. and Canada. Book a culinary experience with Cozymeal and let theus take care of the rest.For additional information and dates visit Iconic Eats in Rome, Italy",https://www.eventbrite.com/e/iconic-eats-in-rome-italy-food-tours-by-cozymealtm-tickets-780336175507,roma
NA,Sold out,Contact the organizer to request a refund.,"Take a stroll along the iconic places and secret corners of Rome where beloved movies were filmed. Fall in love with the eternal city, walking side by side with characters like Princess Ann and Joe Bradley, Tom Ripley and Jep Gambardella. Discover La Dolce Vita of Via Veneto, the stately facade of Palazzo Barberini, the art nouveau style of Galleria Alberto Sordi.  Eat, play and love as the Romans do! The route you‚Äôre going to follow in the city is sprinkled with unique places, fun clues and challenges, and incredible stories of past and present. The experience will play out like you‚Äôre the main characters of a movie, only that you‚Äôre experiencing everything in first person! Fun dialogue, intrigue, and unexpected interactions are guaranteed. HOW IT WORKS‚ùì 1. Book your tickets üé´ 2. Download the Questo app - it's free üì≤ 3. Head to the starting pointüìç WHAT YOU‚ÄôLL DO  The game is an interactive activity where you are guided by a mobile app through the city. With it, you follow directions and solve very fun puzzles, riddles, and cryptic codes. During the game, you will also visit popular and hidden places in the city while learning fun (and we mean it) stories about them. This is a storytelling experience just as much. The people doing these city exploration games gave them an average rating of 4.7/5 around the world. Join the playground too! ------------------ More about Questo üö∂‚Äç‚ôÄÔ∏è Questo is an urban entertainment platform offering thematic real-world exploration games. It is currently available in over 150 cities üåé and has entertained hundreds of thousands of players already. As of today, the app offers more than 400 different experiences created by a growing network of local content creators and event organizers.",9.99,29.99,EUR,Questo - City Exploration Games,https://schema.org/EventScheduled,2024-03-11T11:00:00Z,2024-03-11T12:30:00Z,Rome Famous Movie Locations: Outdoor Escape Game,"Follow clues, solve puzzles, discover new places and learn incredible stories of the city's past and present during this city adventure.",https://www.eventbrite.com/e/rome-famous-movie-locations-outdoor-escape-game-tickets-731603294147,roma
NA,Sold out,Contact the organizer to request a refund.,"Take on the role of a gladiator as you search the city for your former sparring partner and Rome's greatest fighter, who has gone missing!  In this game you will explore the different types of ancient Roman entertainments and where you can still see traces of the once magnificent buildings, above and below ground.  Visit some of the most famous sites in the historic centre of Rome as well as its lesser known spots, all the time learning about the ancient city, the Roman world and its gladiators! The route you‚Äôre going to follow in the city is sprinkled with unique places, fun clues and challenges, and incredible stories of past and present. The experience will play out like you‚Äôre the main characters of a movie, only that you‚Äôre experiencing everything in first person! Fun dialogue, intrigue, and unexpected interactions are guaranteed. HOW IT WORKS‚ùì 1. Book your tickets üé´ 2. Download the Questo app - it's free üì≤ 3. Head to the starting pointüìç WHAT YOU‚ÄôLL DO  The game is an interactive activity where you are guided by a mobile app through the city. With it, you follow directions and solve very fun puzzles, riddles, and cryptic codes. During the game, you will also visit popular and hidden places in the city while learning fun (and we mean it) stories about them. This is a storytelling experience just as much. The people doing these city exploration games gave them an average rating of 4.7/5 around the world. Join the playground too! ------------------ More about Questo üö∂‚Äç‚ôÄÔ∏è Questo is an urban entertainment platform offering thematic real-world exploration games. It is currently available in over 150 cities üåé and has entertained hundreds of thousands of players already. As of today, the app offers more than 400 different experiences created by a growing network of local content creators and event organizers.",9.99,29.99,EUR,Questo - City Exploration Games,https://schema.org/EventScheduled,2024-03-11T11:00:00Z,2024-03-11T12:30:00Z,Gladiators of Rome: Outdoor Escape Game,"Follow clues, solve puzzles, discover new places and learn incredible stories of the city's past and present during this city adventure.",https://www.eventbrite.com/e/gladiators-of-rome-outdoor-escape-game-tickets-719496331897,roma
NA,Sold out,Contact the organizer to request a refund.,"Play a city game where you will learn about Roman history and visit some hidden gems of the eternal city.  You will play the role of an archeologist who must solve the murder of her ancestor Valeria Messalina, wife of the Roman emperor Claudius. Are you up for the challenge? The route you‚Äôre going to follow in the city is sprinkled with unique places, fun clues and challenges, and incredible stories of past and present. The experience will play out like you‚Äôre the main characters of a movie, only that you‚Äôre experiencing everything in first person! Fun dialogue, intrigue, and unexpected interactions are guaranteed. HOW IT WORKS‚ùì 1. Book your tickets üé´ 2. Download the Questo app - it's free üì≤ 3. Head to the starting pointüìç WHAT YOU‚ÄôLL DO  The game is an interactive activity where you are guided by a mobile app through the city. With it, you follow directions and solve very fun puzzles, riddles, and cryptic codes. During the game, you will also visit popular and hidden places in the city while learning fun (and we mean it) stories about them. This is a storytelling experience just as much. The people doing these city exploration games gave them an average rating of 4.7/5 around the world. Join the playground too! ------------------ More about Questo üö∂‚Äç‚ôÄÔ∏è Questo is an urban entertainment platform offering thematic real-world exploration games. It is currently available in over 150 cities üåé and has entertained hundreds of thousands of players already. As of today, the app offers more than 400 different experiences created by a growing network of local content creators and event organizers.",9.99,29.99,EUR,Questo - City Exploration Games,https://schema.org/EventScheduled,2024-03-11T11:00:00Z,2024-03-11T12:30:00Z,Ancient Rome Outdoor Escape Game: The prostitute empress in Suburra,"Follow clues, solve puzzles, discover new places and learn incredible stories of the city's past and present during this city adventure.",https://www.eventbrite.com/e/ancient-rome-outdoor-escape-game-the-prostitute-empress-in-suburra-tickets-735211686947,roma
NA,Sold out,Refunds up to 1 day before event,"This tour is everything you need ""when in Rome""! ‚≠êÔ∏èCheck this out, with one booking you get a guided Roman history tour, a night out with drinks and a 3-course Roman dinner at an authentic yet chic restaurant!:)‚≠êÔ∏è This All-Inclusive Tour will be the highlight of your Rome trip! When in Rome, it's a must to discover the timeline of Roman history with its juicy details and a funny storytelling, to feel the soul of this ""eternal city"" and to taste the best of its cuisine! :) We‚Äôll meet at Navona Square to speak about the foundation of Rome and the crazy gossips and anecdotes about its emperors and empresses, all while the white and red wines will be flowing! Then, we will stop in front of the world‚Äôs oldest most well-preserved structure Pantheon to speak interesting details about it. After there, we'll arrive to the ruins of Theatre of Pompey, where Julius Caesar was assasinated, to speak about the most notorious event of the Roman history while sipping limoncello shots! As the perfect final to the night, at an authentic yet chic Roman restaurant you‚Äôll enjoy a three-course classic Roman dinner with a glass of Ros√© :) End of your best night in Rome:)",75.9,75.9,EUR,When in Rome - Adventures,https://schema.org/EventScheduled,2024-03-11T18:00:00Z,2024-03-11T21:00:00Z,Social Roman Dinner & Juicy Roman History,This tour is everything you need When in Rome! Eat a typical Roman dinner combined with funny and interesting storytelling of Roman history!,https://www.eventbrite.it/e/social-roman-dinner-juicy-roman-history-tickets-637343841587,roma
NA,Sold out,Contact the organizer to request a refund.,"Play a city exploration game and uncover the secrets of Trastevere, the most authentic and vibrant district of Rome. Explore its hidden treasures and experience the energetic vibe of its winding alleys and squares. Trastevere has a thousand facets and a new surprise at every corner. Let yourself be inspired! The route you‚Äôre going to follow in the city is sprinkled with unique places, fun clues and challenges, and incredible stories. The experience will play out like you‚Äôre the main characters of a movie, only that you‚Äôre experiencing everything in first person! Fun dialogue, intrigue, and unexpected interactions are guaranteed. HOW IT WORKS‚ùì 1. Book your tickets üé´ 2. Download the Questo app - it's free üì≤ 3. Head to the starting pointüìç WHAT YOU‚ÄôLL DO  The game is an interactive activity where you are guided by a mobile app through the city. With it, you follow directions and solve very fun puzzles, riddles, and cryptic codes. During the game, you will also visit popular and hidden places in the city while learning fun (and we mean it) stories about them. This is a storytelling experience just as much. The people doing these city exploration games gave them an average rating of 4.7/5 around the world. Join the playground too! ------------------ More about Questo üö∂‚Äç‚ôÄÔ∏è Questo is an urban entertainment platform offering thematic real-world exploration games. It is currently available in over 150 cities üåé and has entertained hundreds of thousands of players already. As of today, the app offers more than 400 different experiences created by a growing network of local content creators and event organizers.",9.99,29.99,EUR,Questo - City Exploration Games,https://schema.org/EventScheduled,2024-03-11T11:00:00Z,2024-03-11T12:30:00Z,Rome Outdoor Escape Game: Return Home,"Follow clues, solve puzzles, discover new places and learn incredible stories of the city's past and present during this city adventure.",https://www.eventbrite.com/e/rome-outdoor-escape-game-return-home-tickets-655598973177,roma
NA,Sold out,NA,NA,0,0,EUR,Mirko Hydrogen Rich,https://schema.org/EventScheduled,2024-03-11T18:00:00Z,2024-03-11T20:00:00Z,Presentazione progetto Etico sostenibile,"Per non perderti in un bicchiere d'acqua, non navigare a vista!",https://www.eventbrite.it/e/biglietti-presentazione-progetto-etico-sostenibile-851500459797,roma
3 hours,NA,NA,"This event is a unique opportunity to network, gain insights, and delve into the intricacies of product management with a proven industry leader. Join us for an engaging and enlightening experience as we explore the secrets of product management success with Anjali Joshi. Anjali will give a presentation on product management full of tips and tricks, and then attendees will have the opportunity to ask her questions. Anjali is a senior engineering and product management executive with experience in leading product and engineering teams to execute large-scale, complex consumer/business products and services. She currently serves on the boards of Xero, a provider of cloud-based accounting software for small businesses, Alteryx, a provider of automated analytics solutions, and Loconav, a Sequoia funded private company in the fleet management space. She is also on the Advisory Board of the Markkula Center for Applied Ethics. Previously she was on the boards of Lattice Semiconductor, Mcclatchy, MobileIron, and Iteris. She has a broad technology background and has worked on product management and engineering in the areas of search, image search, maps, news, health, broadband services, language technologies, software/networking infrastructure, cloud platform and computing services. Her focus as a board director is to help with company strategy and product development. She is an Executive in Residence at INSEAD in France and collaborates with students and faculty at the MS&E department at Stanford University on various projects related to technology and society. Attendance at this event is limited. If you are interested in attending, you can request an invitation at welcome@picampus.it. Please tell us something about yourself in your request.",0,0,USD,Pi Campus,https://schema.org/EventScheduled,2024-03-11T17:30:00Z,2024-03-11T20:30:00Z,Mastering Product Management with Anjali Joshi,"Join us for an evening of networking with Anjali Joshi, former VP of Product Management at Google.",https://www.eventbrite.it/e/mastering-product-management-with-anjali-joshi-tickets-852806897387,roma
1 ora,eTicket mobile,NA,dialoga con l'autore Dario Ferrari,0,0,EUR,Spazio Sette Libreria,https://schema.org/EventScheduled,2024-03-11T17:30:00Z,2024-03-11T18:30:00Z,"Presentazione di ""Pesci piccoli""",di Alessandro Robecchi (Sellerio),https://www.eventbrite.it/e/biglietti-presentazione-di-pesci-piccoli-852359238427,roma
1 ora 15 minuti,eTicket mobile,NA,"Roma √® sempre stata il centro della diplomazia religiosa. Il motivo √® evidente: la Santa Sede conduce una sua politica estera globale che rende la citt√† italiana unica nel suo genere, un vero e proprio punto di attrazione per il dialogo interreligioso. In questo luned√¨ del Grand Continent proveremo a capire quali sono le peculiarit√† di questa posizione per poi analizzare il ruolo della religione all‚Äôinterno del dibattito pubblico e dei conflitti in corso.Negli ultimi anni, per esempio, a questa centralit√† geografica l‚ÄôItalia ha aggiunto una posizione particolare nelle guerre culturali di matrice anglosassone. Come scrive Pasquale Annicchino sul Grand Continent: L‚ÄôItalia meloniana √® una navicella alla deriva nel mare della societ√† occidentale post-cristiana. Non pu√≤ attingere al pozzo della destra religiosa statunitense perch√© nemmeno i suoi principali attori credono davvero a quel repertorio di idee. La guerra ucraina ha fatto saltare il banco del soft-power putiniano fondato sulla ‚Äúriscoperta‚Äù dei ‚Äúvalori tradizionali‚Äù. Cos√¨ alcuni intellettuali organici per distanziarsi dal repertorio fascita e post-fascista provano a riesumare gli eterni Papini e Prezzolini. Aggiungeremo poi un elemento ulteriore. Il grande ruolo della religione nella guerra in Ucraina, un aspetto da non sottovalutare per comprendere il sentimento patriottico emerso a Kiev : dal 2018 la Chiesa ortodossa dell‚ÄôUcraina ha ottenuto l‚Äôautocefalia dal Patriarcato di Costantinopoli, diventando dunque indipendente dal Patriarcato di Mosca dal punto di vista canonico. Questa separazione √® uno dei tanti elementi di frattura tra Ucraina e Russia: la dimensione religiosa √® fondamentale nella guerra in corso. In questo contesto, l‚Äôinfluenza del Vaticano √® relativa, visti i contrasti con la chiesa ucraina in alcuni casi evidenti. Che analisi possiamo fare di tutti questi aspetti?Per discuterne, abbiamo invitato Per sostenere il nostro lavoro √® possibile abbonarsi qui.",0,0,USD,Il Grand Continent,https://schema.org/EventScheduled,2024-03-11T17:45:00Z,2024-03-11T19:00:00Z,"Roma, capitale della diplomazia religiosa",Luned√¨ del Grand Continent dedicato al ruolo della religione nel dibattito pubblico e nei conflitti in corso,https://www.eventbrite.fr/e/biglietti-roma-capitale-della-diplomazia-religiosa-857003158517,roma
1 giorno 2 ore,eTicket mobile,NA,"Evento di presentazione del Leverage Group: la community di digital marketing pi√π grande d'Europa Posizionatosi negli anni come il gruppo principale a cui i giovani si affidano per immergersi nel mondo del digital, il Leverage arriva a Roma dando la possibilit√† di capire ed entrare a farne parte. Verranno spiegati i 3 pilastri fondamentali del team e come ragazzi tra 18 e 30 anni, facenti parte della community hanno raggiunto l'indipendenza e una mentalit√† imprenditoriale grazie alla formazione e alla pratica di alcuni concetti fondamentali INGRESSO SALA: ORE 21.00 INIZIO EVENTO: ORE 21.30 CONTRIBUTO SALA: 10 euro (chiunque non avesse il proprio ticket registrato o facesse tardi oltre le 21.30 pagher√† il ticket 15 euro)",0,0,EUR,Next Level Group,https://schema.org/EventScheduled,2024-03-11T20:00:00Z,2024-03-12T22:00:00Z,WORKSHOP,Evento di presentazione del Leverage Group: la community di digital marketing pi√π grande d'Europa,https://www.eventbrite.it/e/biglietti-workshop-859094062467,roma
1 ora 30 minuti,eTicket mobile,NA,"Ciao, se vuoi scoprire i segreti dello Shiatsu, ti invitiamo a una presentazionespeciale. Sar√† un'opportunit√† unica per comprendere le basi di questa straordinariapratica giapponese e scoprire come pu√≤ migliorare la tua salute e il tuo benessere. Cosa Aspettarti: Introduzione allo Shiatsu: Dalla storia ai principi fondamentali. Benefici per la Salute: Affronta tensioni, riduci lo stress e promuovi l'equilibrio energetico. Prenota un Trattamento: Approfitta di un prezzo favorevole per sperimentare i benefici dello Shiatsu. Conferma la tua partecipazione entro domenica 10 Marzo per assicurarti un posto. Non perdere l'occasione di esplorare il benessere attraverso lo Shiatsu!A presto, Silvia. Per informazioni invia email a benessereshiatsu@outlook.com",0,0,EUR,Riccardo Losco,https://schema.org/EventScheduled,2024-03-11T18:00:00Z,2024-03-11T19:30:00Z,Esplora lo Shiatsu: Presentazione Esclusiva!,"Vieni a scoprire il meraviglioso mondo dello Shiatsu in una presentazione speciale, 11 Marzo 2024 alle 19:00!",https://www.eventbrite.it/e/biglietti-esplora-lo-shiatsu-presentazione-esclusiva-853011007887,roma
NA,Sold out,NA,"Non ne puoi pi√π di guardare le serie straniere sottotitolate e non capirci nulla?Vieni a praticare una lingua straniera ogni luned√¨ sera all'aperitivo di Ostello Bello e Martini!""Tu Vu√≤ F√† L'americano?"" √® infatti il nuovo appuntamento settimanale di aperitivo in lingua dove potrai praticare una lingua straniera con chi √® in viaggio e la parla da sempre.E se ordini un Americano nella lingua che stai imparando ti porti a casa la Tote Bag di Martini e Ostello Bello in omaggio! ‚ãØ‚ãØ‚ãØ Ti aspettiamo ogni Luned√¨ dalle 19.00 üìç Ostello Bello Roma Colosseo - Via Poliziano 75, Roma ‚ãØ‚ãØ‚ãØ www.ostellobello.com www.instagram.com/ostellobello",0,0,EUR,Ostello Bello Roma Colosseo,https://schema.org/EventScheduled,2024-03-11T18:00:00Z,2024-03-11T21:00:00Z,APERITIVO IN LINGUA  BY OSTELLO BELLO & MARTINI,L'appuntamento settimanale con l'aperitivo in lingua di Ostello Bello e Martini,https://www.eventbrite.it/e/biglietti-aperitivo-in-lingua-by-ostello-bello-martini-813805994637,roma
NA,Sold out,NA,"Poste Italiane compie 160 anni di vita, trascorsi in costante sintonia con il Paese, contribuendo allo sviluppo socioeconomico e alla modernizzazione dell‚ÄôItalia, dalla sua costituzione in Stato Unitario fino a oggi. L‚ÄôUfficio Postale √® infatti uno storico punto di incontro tra le persone, uno spazio di riferimento per le comunit√† e, spesso, espressione dell‚Äôingegno, dell‚Äôarte e dell‚Äôarchitettura italiana. Per questo la mostra ‚ÄúPoste Storie‚Äù  racconta come √® evoluto nel tempo il ruolo delle Poste nel nostro Paese attraverso uno spazio immersivo che intreccia fatti storici, elementi curiosi e sorprendenti e arte utilizzando differenti stili e diverse tecniche di comunicazione: scrittura, video, audio, proiezioni immersive, realt√† aumentata, gioco, podcast. I TEMI DELLA MOSTRA Attraverso alcuni oggetti iconici della storia di Poste la mostra ripercorre l‚Äôinnovazione del nostro Paese in termini di strumenti tecnologici, mezzi e modalit√† di comunicazione e anche relazioni tra le persone e le comunit√†. Il percorso offre numerose opportunit√† per comprendere come le prime ingegnose soluzioni analogiche messe in atto da Poste Italiane per garantire alcuni dei servizi pi√π importanti per i cittadini e il Paese siano a tutti gli effetti connesse con le tecnologie digitali che oggi caratterizzano la vita quotidiana. Inoltre, avvalendosi di soluzioni innovative come la realt√† aumentata e del contributo di giovani artisti emergenti, Poste sceglie di raccontare anche i valori dell'Azienda, tradotti in otto ‚Äúpillar‚Äù, su cui si basa la propria strategia di sviluppo e il proprio impegno per un mondo pi√π sostenibile e inclusivo.   La mostra, adatta a tutte le et√†, √® visitabile gratuitamente presso l'Ufficio Postale di piazza San Silvestro 19 a Roma. LÔªøA PRENOTAZIONE PER LE SCUOLE E' OBBLIGATORIA. SCOPRI LE DATE E RISERVA IL TUO POSTO CON LA CLASSE!",0,0,EUR,Scuola.net,https://schema.org/EventScheduled,2024-03-11T08:00:00Z,2024-03-11T09:00:00Z,Poste Storie: La mostra sulla storia della comunicazione postale italiana,"160 anni di storia, innovazione e valori di Poste Italiane e del  nostro Paese illustrata attraverso descrizioni storiche, video e arte.",https://www.eventbrite.it/e/biglietti-poste-storie-la-mostra-sulla-storia-della-comunicazione-postale-italiana-799999218197,roma
2 ore,eTicket mobile,NA,NA,0,0,EUR,Moby Dick Biblioteca Hub Culturale,https://schema.org/EventScheduled,2024-03-11T17:00:00Z,2024-03-11T19:00:00Z,Incontro sul benessere psicologico a cura di Federico Tucci,Per parlare di cose importanti,https://www.eventbrite.it/e/biglietti-incontro-sul-benessere-psicologico-a-cura-di-federico-tucci-856994883767,roma
NA,Sold out,NA,"un selezione di cocktail, corti, lunghi, liscio, con ghiacchio, shottini, a prezzi scontati.",0,0,EUR,da_mr_wolf,https://schema.org/EventScheduled,2024-03-11T20:30:00Z,2024-03-12T01:00:00Z,LUNEDI MIX,un selezione di cocktail a prezzi scontati.,https://www.eventbrite.com/e/biglietti-lunedi-mix-852251395867,roma
NA,Sold out,NA,"ITSLIQUID Group is pleased to announce the opening of the 9th edition of ROME INTERNATIONAL ART FAIR 2024, international exhibition of photography, painting, video art, installation/sculpture and performance art, on March 08, 2024, at 06:00 PM at Medina Art Gallery in Rome. The exhibition will run until March 21, 2024. more. https://www.itsliquid.com/opening-romeartfair-9th.html ROME INTERNATIONAL ART FAIR 2024 analyzes the relationship between body and space, and the hybridization between identities and cultural/physical/social/urban settings in contemporary times, through two main sections: MIXING IDENTITIES and FUTURE LANDSCAPES. MIXING IDENTITIES analyzes the hidden parts of our identities, through an immersive experience inside the fascinating universe of the complex labyrinths of our consciousness. The human body is a changing system that connects us with other bodies and spaces to perceive the surrounding reality; a strong communication system with its own language and infinite ways of expression. FUTURE LANDSCAPES are abstract, infinite and conceptual, associated with a sense of freedom and infinite extension. Primarily experienced with the mind, spaces redefine their limits and borders, transforming surfaces in an open flow of pure ideas. This section focuses on the concept of the borders and the structures between body, mind and soul, the human identity and the city, the space and the ground. more. https://www.itsliquid.com/opening-romeartfair-9th.html",0,0,EUR,ITSLIQUID GROUP,https://schema.org/EventScheduled,2024-03-11T09:00:00Z,2024-03-11T12:00:00Z,ROME INTERNATIONAL ART FAIR ‚Äì 9TH EDITION,ROME INTERNATIONAL ART FAIR ‚Äì 9TH EDITION,https://www.eventbrite.it/e/biglietti-rome-international-art-fair-9th-edition-846048532937,roma
NA,Sold out,Refunds up to 30 days before event,NA,10,50,EUR,Edward Zito,https://schema.org/EventScheduled,2024-03-11T05:00:00Z,2024-03-11T18:00:00Z,FIUME LIRI ABRUZZO ITALIA,"To reach the ""central"" point of the river section in question, it is best to take the first highway to Balsorano exit here, enter S.S. 82 in the direction of Sora, cross the village of Balsorano and after about 2 km turn right in the direction of Collepiano, past the bridge that crosses the Liri, we can turn left (direction C.da Pistola) and still traveled a few hundred meters, find a place for the car in one of the many pitches below the highway viaducts. Here, painful note, it is really dirty and bulky of all kinds of materials, probably also residues dating back to the construction sites of the freeway, present some do in this area. Fortunately, the situation improves, and very long along the true shore where, apart from some unmistakable plastic envelope hanging on the branches, the situation is quite natural. We can then decide whether to fish back or down to the valley without any substantial differences in catch possibilities. Keep in mind, however, that the great majority of the visitors stops near the bridge and in the quiet adjacent slope so this area is the most beaten and disturbed.¬†Thanks to the supply of different streams coming from the small side valleys, the flow of water flows here consistently maintains a good consistency and the quality of the liquid element, partly due to the influence of the waters coming from the reclamation of the Fucino, collected from the upstream Liri (certainly not potable but still improving due to the intensification of the controls on the industrial discharges carried out by the prescribed organs) is acceptable, as well as acceptable is the transparency of the same. The appearance is typical of the middle Apennine stream with alternating scrapers, slopes where the water slows, rarer holes with deeper depths. The backdrop is everywhere bowl, rarely sandy, in some stretches the current is broken by larger boulders that slow it down, forming good rifugi for the pinnuta. The shores, though with varied plants and vegetation, are still quite practicable, especially in the winter - early spring; However, they also have traits that a real river fisherman would call ""comfortable."" As mentioned earlier, it is now some years that this stretch of river is in concession to the Annalasia headquarters in Avezzano (along with some stretches of canals belonging to the Bonifica del Fucino); the continuity of management with its repopulations and controls results in some results in terms of fish populations. Obvious signs of aquatic life are noticed only in the case of insects that cause fish to surface activity, however, even if the season is not in season because of the fact that this trait has been granted to the same operator for years and that this operator performs good sowing (including in an extremely ""transparent way"" by giving early notice to anyone who wants to assist you), the population of fario is consolidated; besides the trout we find chubs and some shrubbery.¬†To be able to fish in the 4 Km in concession, you must be registered at the A.P.T. (a national card of ‚Ç¨ 30.00 for the year 2017, including insurance coverage against accidents related to the completion of fishing activities) and to possess a booklet for travelers (Euro 30 for the year 2017), in the remainder the fishing is free and subject to the regulations in force in Abruzzo for category ""A"" waters. For the above, you can go to the area's fishing stores (for example, ALO 'A. GO TO GO TOURS - Rome Tel. 0633611954) who will deliver us a card or booklet for the traveler; showing the receipt of the postal payment for the fishing license and identity card you can fish. They may also provide us with information on the changes of the last hour to the regulations described.¬†In the concession section, the regulations in force are essentially those provided by the Abruzzo Region Code for Category A waters. The maximum number of catches of salmonids per fishing day (strictly to be noted on the booklet of the Signature Act) is 5 trout. Fishing is practicable every day except on Tuesdays and Thursdays when it does not fall in conjunction with a holiday. The abstract of the regulation is however reported on the tagacatture card. The places in question, except for the first few weeks of the season, are never particularly crowded. As always, the practicable / advisable technique conflicts with the preferences of the individual, however, it can be safely stated that the site is well suited to fishing with artificial lures (spinning and fly), even though it has characters so that they also give space to fans of other specialties, also bearing in mind that the latter (forbidden the bigatino), will also undermine the troupe roommates (chubby and barbie) that can represent a fun alternative. To conclude the site described can therefore be a good reference for early season exit but also a valid destination for all the rest of the year (perhaps for fly fishing), preserving, as already mentioned, an acceptable range and population year.
ITALIAN:
Itinerari pesca Abruzzo: fiume Liri - Valle Roveto (AQ)
Oggetto di questo itinerario √® il tratto del fiume delimitato, a monte, dal confine fra i comuni di S.Vincenzo Valle Roveto e Balsorano e, a valle, da quello fra la Provincia dell'Aquila e quella di Frosinone.E' costeggiato interamente dalla S.S. n. 82 della Valle Roveto e letteralmente sovrastato dalla Superstrada del Liri che scorre su di una serie di viadotti che attraversano pi√π volte il fiume; l'intera zona, da anni era in concessione all'Enalpesca sede di Avezzano (AQ) Tel. 0863 21029. Dal 2006 (Dal 2017 in concessione a SEROTONIN dalle sorgenti fino al confine regionale) l'estensione della concessione √® stata ridotta ed attualmente si estende complessivamente per 4 Km. dalla Centrale Idroelettrica di Balsorano verso valle sino alla localit√† ""Le Cave""; dopo questi 4 Km., e sino al confine di Provincia, le acque risultano in concessione a SEROTONIN e sono quindi sempre di categoria ""A"". Per raggiungere il punto ‚Äúcentrale‚Äù del tratto di fiume in oggetto conviene percorrere la Superstrada prima citata sino all‚Äôuscita di Balsorano, qui immettersi sulla S.S. 82 in direzione Sora, attraversare l‚Äôabitato di Balsorano e dopo circa 2 chilometri svoltare a destra in direzione Collepiano, oltrepassato il ponte che attraversa il Liri, possiamo svoltare a sinistra (direzione C.da Pistola, strada comunale Le Compre) e, percorse ancora alcune centinaia di metri, trovare posto per l‚Äôauto in una delle numerose piazzole poste al di sotto dei viadotti della superstrada. Qui, nota dolente, √® veramente sporchissimo ed ingombro di ogni genere di materiali, probabilmente anche residui risalenti ai cantieri di costruzione della superstrada, presenti qualche hanno fa in questa zona.¬†Fortunatamente la situazione migliora, e di molto lungo la sponda vera e propria dove, a parte qualche immancabile busta di plastica appesa ai rami, la situazione si presenta abbastanza naturale. Possiamo quindi decidere se pescare a risalire o a scendere verso valle senza sostanziali differenze di possibilit√† di cattura. Da tenere presente comunque che la grande maggioranza dei frequentatori si ferma nei pressi del ponte e nella tranquilla spianata adiacente quindi, questa zona √® la pi√π battuta e disturbata.Grazie all‚Äôapporto di diversi torrentelli provenienti dalle piccole valli laterali la portata del corso d‚Äôacqua, qui, mantiene costantemente una buona consistenza e la qualit√† dell‚Äôelemento liquido, pur risentendo parzialmente dell‚Äôinflusso delle acque provenienti dalla bonifica del Fucino, raccolte dal Liri pi√π a monte (non certo potabili ma comunque in via di miglioramento grazie all‚Äôintensificarsi dei controlli sugli scarichi industriali espletati dagli organi preposti), √® accettabile, cos√¨ come accettabile √® la trasparenza delle stesse.L‚Äôaspetto √® quello tipico del medio torrente appenninico con alternanza di raschi, spianate in cui l‚Äôacqua rallenta, pi√π rare buche con maggiore profondit√†. Il fondale √® ovunque ciotoloso, raramente sabbioso, in alcuni tratti la corrente √® spezzata da massi pi√π grandi che la rallentano costituendo buoni rifugi per i pinnuti.Le sponde, pur con la presenza di piante e vegetazione varia, risultano comunque abbastanza praticabili, soprattutto nel periodo inverno ‚Äì inizio primavera; presentano comunque anche tratti che un vero pescatore di torrente definirebbe ‚Äúcomodi‚Äù.¬†Come detto prima sono ormai alcuni anni che questo tratto di fiume √® in concessione all‚ÄôEnalpesca sede di Avezzano (unitamente ad alcuni tratti di canali appartenenti alla Bonifica del Fucino); la continuit√† della gestione con i relativi ripopolamenti e controlli sortisce quindi qualche risultato in ordine al popolamento ittico.¬†Segni evidenti di vita acquatica se ne scorgono pochi se non a stagione avanzata, in occasione di particolari schiuse di insetti ,che inducono i pesci ad una attivit√† superficiale, comunque, anche in conseguenza del fatto che questo tratto √® in concessione allo stesso gestore da anni e che tale gestore effettua delle buone semine (tra l'altro in maniera estremamente ""trasparente"" dandone notizia anticipatamente per permettere a chiunque lo voglia di assistervi), la popolazione di fario √® consolidata ; oltre alle trote troviamo cavedani e qualche barbo.¬†Per poter pescare nei 4 Km. in concessione, era necessario essere iscritti all‚ÄôEnalpesca (tessera nazionale del costo di 10,00 Euro, per l‚Äôanno 2006, comprendente anche una copertura assicurativa contro gli infortuni connessi all‚Äôespletamento dell‚Äôattivit√† di pesca) ed essere in possesso del libretto segnacatture (costo Euro 25,82 per l‚Äôanno 2006); (per l‚Äôanno 2017 ad oggi, e nel futuro, √® necessario essere in possesso del biglietto/Ticket Eventbrite internazionale del costo di 10,00 Euro al giorno + spese ed essere in possesso del libretto segnacatture costo Euro 5,00) nel rimanente tratto la pesca √® biglietto/Ticket Eventbrite e soggetta ai regolamenti vigenti in Abruzzo per le acque di categoria ""A"".¬†Per quanto sopra ci si pu√≤ rivolgere ai negozi di pesca della zona (ad esempio SEROTONIN ‚Äì Roma Tel. 328 1116276) che ci consegneranno i bollettini (prestampati e prenumerati) necessari per l‚Äôeffettuazione dei versamenti e provvederanno al rilascio della licenza e del libretto segnacatture esibendogli le ricevute di tali versamenti unitamente alla licenza di pesca governativa in corso di validit√†. Gli stessi potranno inoltre fornirci indicazioni su variazioni dell'ultim'ora ai regolamenti descritti.¬†Nel tratto in concessione i regolamenti vigenti sono sostanzialmente quelli previsti, dalla legge regionale abruzzese per le acque di categoria A con qualche ulteriore restrizione fra cui, da rilevare, il divieto di entrare in acqua, da cui sono esclusi coloro che praticano la pesca a mosca con la coda di topo.¬†Il numero massimo di catture di salmonidi, per giornata di pesca (rigorosamente da annotare sul libretto segnacatture), √® di 5 esemplari poi si puo' continuare in NO-KILL.¬†La pesca √® praticabile tutti i giorni esclusi il marted√¨ e gioved√¨ quando non ricadenti in concomitanza con una festivit√†. Estratto del regolamento √® comunque riportato sul tesserino segnacatture. I luoghi in questione, ad eccezione delle prime settimane della stagione, non sono mai particolarmente affollati.¬†Come sempre, l‚Äôargomento tecniche praticabili/consigliabili si scontra con le preferenze del singolo, comunque si pu√≤ affermare con certezza che il luogo si presta decisamente alla pesca con esche artificiali (spinning e mosca), pur presentando caratteristiche tali da lasciar spazio anche agli appassionati di altre specialit√†, tenendo inoltre presente che, questi ultimi (vietatissimo il bigattino), potranno insidiare anche i coinquilini delle trote (cavedani e barbi) che possono rappresentare una divertente alternativa. Per concludere il luogo descritto pu√≤ quindi rappresentare un buon riferimento per le uscite di inizio stagione ma anche una valida meta tutto il resto dell‚Äôanno (magari per chi pesca a mosca), conservando, come gi√† detto, una portata ed un popolamento accettabile tutto l‚Äôanno.",https://www.eventbrite.com/e/fiume-liri-abruzzo-italia-tickets-58929958091,roma
NA,Sold out,NA,"IL Luned√¨ dalle 22:30 la sera si tinge di rosso....con l'evento.. EYES WIDE SHUT!Ma cosa ha di tanto particolare questa serata?‚úÖMessaggeria‚úÖKaraoke‚úÖQuiz piccanteüü© Gioco bendato...non ti basta...?Una serata perfetta per chi desidera divertirsi e mostrare il proprio talento con il Karaoke ed il quiz super hot!Inoltre fare nuove conoscenze non √® mai stato cosi' facile grazie alla Messaggeria.Infine per i pi√π intraprendenti che hanno voglia di mettersi in gioco si passa alla fase finale della serata con gioco bendato!!!Eh si, avete capito bene.Ora ti starei chiedendo: ""ma in cosa consiste il gioco bendato?!""Prenota ora per scoprirlo üòèPRENOTA SUBITO:‚òéÔ∏è 0686708250üåéonline (attivo 24h)https://www.angelirock.it/prenota-online/",0,0,EUR,Angeli Rock,https://schema.org/EventScheduled,2024-03-11T21:30:00Z,2024-03-12T00:30:00Z,"Luned√¨ con karaoke, hot quiz, messaggeria e giochi bendati","PRENOTA SUBITO:
 0686708250
online (attivo 24h)
https://www.angelirock.it/prenota-online/",https://www.eventbrite.com/e/biglietti-lunedi-con-karaoke-hot-quiz-messaggeria-e-giochi-bendati-801677668487,roma
NA,Sold out,NA,------------------------------- ------------------------------ --------------------------------------------,0,0,EUR,SBS ass. cult.,https://schema.org/EventScheduled,2024-03-11T18:00:00Z,2024-03-11T19:00:00Z,YOGA ON-LINE: Lezioni GRATUITE di prova,Corsi di Hatha Yoga di Rosalba Venditti,https://www.eventbrite.it/e/biglietti-yoga-on-line-lezioni-gratuite-di-prova-122898961101,roma
NA,Sold out,NA,"Scopri con noi cosa significa provare sul campo lo straordinario Sistema Leica SL! Non solo potrai scattare fotografie con una delle pi√π performanti macchine fotografiche Leica ma potrai pure testare i suoi obiettivi! Non perdere tempo, prenota ora il tuo TEST DRIVE Non scordarti di portare con te una scheda di memoria SD (Secure Digital), cos√¨ potrai salvare e rivedere le immagini che scatterai. Lo staff di Sabatini √® pronto ad accoglierti e a farti provare questo  gioiello di Sistema!",0,0,EUR,Leica Camera Italia,https://schema.org/EventScheduled,2024-03-11T09:00:00Z,2024-03-11T11:00:00Z,SL TEST DRIVE -  Sabatini,Che aspetti? Il sistema fotografico SL ti aspetta per essere provato da Sabatini,https://www.eventbrite.it/e/biglietti-sl-test-drive-sabatini-738047298337,roma
NA,Sold out,NA,NA,0,0,EUR,Showroom Rinascita & Benessere - Roma,https://schema.org/EventScheduled,2024-03-11T17:00:00Z,2024-03-11T18:00:00Z,GLI OLI DEL LUNEDI,SCOPRI COME USARE GLI OLI ESSENZIALI. OGNI LUNEDI CAPIRAI COME USARE I 10 PRINCIPALI OLI ESSENZIALI NELLA TUA VITA QUOTIDIANA.,https://www.eventbrite.it/e/biglietti-gli-oli-del-lunedi-860124745267,roma
NA,Sold out,NA,"Usually what we use were BB cream with ""moisturizer effect"", follow by the primer to set the base for foundation, then with the foundation, we end with bronzer to look darker or using a highlighter to look shining in beauty. But...  What if I told you that there is a ""BB foundation mist"" that has the BB cream + foundation together that repair and rejuvenates your skin while you are wearing makeup? Making you look younger and younger while you are on your makeup? Or wearing your makeup while you are swimming with water-proof protection against discolouring? Be the envy with the Co-creator with Celebrity Makeup Artist Yolanda Halston, who has been a makeup artist for 25 years and boasts a cult following of beauty bloggers, celebrities and women all over the world. She also the makeup artist of the movie ""Twilight"" that bring the shinning growing effect with ""NV shimmer mist"". The NV collection includes a primer, foundation, bronzer and shimmer that give you an enviable, professionally airbrushed finish in no time. Award-winning NV BB Perfecting Mist Foundation blurs skin imperfections and quickly delivers high-definition, photo-ready coverage. Register now for this NV makeup Master Class to learn the technique on applying your makeup within a few minutes with the professional look that's ready for photo shooting. Get your set of NV below before the class starts to learn and apply during the Master Class session. NV Perfecting Foundation Mist Click on Beauty > NV Scroll down until you find the perfect match. Choose the manufacturer > Brand > Shade that you are using at the moment. The example below will give you the perfect match to the current brand that you are using. Click view product and it will bring you to purchase site. Subscribe and get it under Monthly SmartDelivery to get it at the promotional price. In case if this is not what you want, within 30 days before your subscription date, you can unsubscribe with our support team and they will be happy to help you to remove the monthly purchase. Register to attend NV makeup Master Class Now!",0,0,GBP,RawElegant.Life,https://schema.org/EventScheduled,2024-03-11T18:30:00Z,2024-03-11T19:10:00Z,(7.30pm Session) Envy Yourself With Beauty Makeup MasterClass,"Have you ever tried a ""BB foundation mist"" before?",https://www.eventbrite.co.uk/e/730pm-session-envy-yourself-with-beauty-makeup-masterclass-tickets-124894574033,roma
NA,Sold out,NA,"Ancora una volta, Leica Camera mostra il proprio spirito pionieristico e pone un'altra pietra miliare nella storia della fotografia, introducendo Leica M11-P. Dal design discreto alla memoria interna di 256 GB, passando per il vetro posteriore in zaffiro e la Content Authenticity Initiative: queste sono solo alcune delle grandi novit√† dell'ultimo gioiello Made in Germany. Scopri con noi cosa significa provare sul campo la straordinaria M11-P da Sabatini. Non perdere tempo, prenota ora il tuo TEST DRIVE. E ricorda, porta con te una scheda di memoria SD (Secure Digital), cos√¨ potrai salvare e rivedere le immagini che scatterai. Lo staff di Sabatini  √® pronto ad accoglierti e a farti vivere un'esperienza con il leggendario Sistema M.",0,0,EUR,Leica Camera Italia,https://schema.org/EventScheduled,2024-03-11T09:00:00Z,2024-03-11T11:00:00Z,TEST DRIVE Leica M11-P  / Sabatini,"Che aspetti?  La straordinaria M11-P, nuova arrivata in casa Leica ti aspetta per essere provata da Sabatini",https://www.eventbrite.it/e/biglietti-test-drive-leica-m11-p-sabatini-738021140097,roma
NA,Sold out,NA,"Scopri con noi cosa significa provare sul campo la fotocamera perfetta per l'uso quotidiano: la Leica Q3!  Questa macchina fotografica ti affasciner√† sia davanti sia dietro l'obiettivo. Grazie alla sua eccellente facilit√† d'uso e al nuovo autofocus ibrido, potrai provare la sensazione di realizzare fotografie e video eccezionali.  Non perdere tempo, prenota ora il tuo TEST DRIVE Non scordarti di portare con te una scheda di memoria SD (Secure Digital), cos√¨ potrai salvare e rivedere le immagini che scatterai. Lo staff di Sabatini √® pronto ad accoglierti e a farti provare questo gioiello!",0,0,EUR,Leica Camera Italia,https://schema.org/EventScheduled,2024-03-11T09:00:00Z,2024-03-11T11:00:00Z,TEST DRIVE Leica Q3 - Sabatini,Che aspetti? L'ultima nata in casa Leica √® pronta per essere provata presso Sabatini.,https://www.eventbrite.it/e/biglietti-test-drive-leica-q3-sabatini-739192694247,roma
NA,Sold out,NA,"Meet new friends, practice new languages Take a seat and start talking in the language you prefer until 11PM! From 11PM onwards you can sing with International Karaoke and enjoy a djset until 4AM Tandem + Drink 5‚Ç¨ one of: -Pint of beer (0.40 cl) -Glass of wine (red or white) -Soft drinks (Acqua, Coca Cola ecc‚Ä¶) -Long Drinks (Gin Tonic, vodka lemon ...) Tandem + Menu 12‚Ç¨ Menu 1: Hamburger+French Fries+ Bruschetta pomodoro+ half pint of beer or soft drink Menu 2: Pinsa Margheritar+French Fries+ half pint of beer or soft drink Menu 3: Seafood salad+ Baked Potato+ half pint of beer or soft drink Menu 4: Chicken salad+ Baked Potato+ half pint of beer or soft drink",0,0,EUR,Social Tandem Rome,https://schema.org/EventScheduled,2024-03-11T19:00:00Z,2024-03-11T22:00:00Z,Social Tandem @ Nag's Head,"Meet new friends, practice new languages!",https://www.eventbrite.it/e/biglietti-social-tandem-nags-head-781944375677,roma
NA,Sold out,NA,NA,0,0,EUR,IIS Leon Battista Alberti,https://schema.org/EventScheduled,2024-03-11T07:00:00Z,2024-03-11T10:00:00Z,Aula magna,NA,https://www.eventbrite.com/e/biglietti-aula-magna-754749956437,roma
NA,Sold out,NA,"Eccoci con il primo appuntamento di formazione in presenza a Roma targato SheTech hosted by Talent Garden Ostiense üòé! Il corso Women Will - Cambiamento Lavorativo ti aiuter√† ad avere consapevolezza di te e del percorso da intraprendere, a prepararti per costruire la tua carriera, ad avere strumenti utili per farlo e ad elaborare un piano d'azione. Programma: 1. Il contesto lavorativo 2. Remember the future: le domande giuste da porti 3. Come favorire il cambiamento in 3 fasi 4. Il piano d'azione COME PARTECIPARE: L'evento √® gratuito e aperto a tutte le persone! Ci vediamo a Roma in Talent Garden Ostiense, l'11 marzo dalle 18:30 alle 20:30! Se vuoi usufruire di una giornata gratuita di coworking presso Talent Garden Ostiense compila questo form. Patrizia Merola, HR project & solution designer Si occupa di disegnare e ottimizzare i processi di people experience per aziende e start up.La consolidata esperienza a 360¬∞ in Risorse Umane unita alla ricerca di nuove pratiche le permette di essere una partner privilegiata di HR, manager e collaboratori.Gli OKR e l‚ÄôAI generativa, il performance management e la cultura data driven, l‚Äôengagement e il clima interno, il career coaching e programmi di mentorship sono le leve che maggiormente utilizza per facilitare il lavoro delle persone e favorire la trasformazione. __ Cos'√® Women Will? Women Will √® un‚Äôiniziativa di Grow with Google presente in 49 paesi, nata con lo scopo di supportare le donne nella loro crescita e carriera professionale. Nel 2020 viene lanciata anche in Italia, proprio grazie alla collaborazione con SheTech.Il progetto Women Will propone workshop in presenza e webinar accessibili a chiunque online sui temi della leadership inclusiva, della negoziazione, dell'imprenditorialit√†, del cambiamento lavorativo e dello sviluppo di una carriera soddisfacente.",0,0,EUR,SheTech,https://schema.org/EventScheduled,2024-03-11T17:30:00Z,2024-03-11T19:30:00Z,Women Will - Cambiamento Lavorativo // Roma edition,Formazione in presenza,https://www.eventbrite.it/e/registrazione-women-will-cambiamento-lavorativo-roma-edition-838446625427,roma
NA,Sold out,NA,"ReCommon e CEE Bankwatch Network promuovono un incontro tra istituzioni ed esponenti della societ√† civile per aprire uno spazio di confronto sul ruolo della finanza pubblica europea. L'evento √® organizzato nell‚Äôambito del progetto Citizens‚Äô Observatory for Green Deal Financing, iniziativa che riunisce organizzazioni della societ√† civile provenienti da diversi paesi europei e impegnate nel monitoraggio circa il coinvolgimento dei cittadini nella programmazione e gestione dei fondi pubblici. Durante l‚Äôevento discuteremo dell‚Äôimplementazione dei fondi europei in Italia, con particolare attenzione al Piano Nazionale di Ripresa e Resilienza (PNRR) e ai fondi di coesione. In questa occasione verr√† presentato un nuovo progetto per rendere permanente questo spazio di monitoraggio, confronto e partecipazione, la cui identit√† sar√† resa nota nel corso dell‚Äôevento. Partecipazione gratuita previa registrazione Programma: Ore 9.30 - Ingresso e registrazioni presso lo Spazio Europa. Dopo i saluti istituzionali della Rappresentanza in Italia della Commissione europea, interverranno alla discussione: elezioni europee fondi europei per l‚Äôefficientamento energetico in Italia Modera l‚Äôevento David Rinaldi, Direttore di Studi e Politiche Pubbliche al FEPS (Foundation for European Progressive Studies) e docente in European Economic Governance all‚ÄôUniversit√© libre de Bruxelles.",0,0,EUR,ReCommon,https://schema.org/EventScheduled,2024-03-11T09:00:00Z,2024-03-11T12:00:00Z,Una transizione giusta per l'Italia.,Come stiamo spendendo i soldi dell'Europa?,https://www.eventbrite.it/e/una-transizione-giusta-per-litalia-tickets-845854863667,roma
NA,Sold out,NA,"PIACERE Meditazioni Tantriche al Femminile crea uno spazio sacro per permetterti di riscoprire il tuo femminile, attraverso pratiche statiche, dinamiche e di contatto. Mi chiamo Angela Tao, sono un'operatrice della relazione di aiuto con approccio corporeo energetico tantrico, Wabi sabi mentor, operatrice di tapping alchemico metodo PAI, Kundalini awakening... e sar√≤ la tua guida di meditazione in questo viaggio dentro te stessa ed il tuo femminile.",0,0,EUR,Angela Tao by TaoTantriko,https://schema.org/EventScheduled,2024-03-11T17:00:00Z,2024-03-11T18:00:00Z,PIACERE Meditazioni Tantriche al Femminile-Casa Internazionale delle Donne,PIACERE Meditazioni Tantriche al Femminile crea uno spazio sacro per permetterti di riscoprire il tuo femminile,https://www.eventbrite.it/e/biglietti-piacere-meditazioni-tantriche-al-femminile-casa-internazionale-delle-donne-722148314047,roma
9 giorni 9 ore,eTicket mobile,Contatta l'organizzatore per richiedere un rimborso.,"Cosa comprende il Ticket?Il Ticket comprende alloggiamento in stanza Doppia o Matrimoniale, cena del sabato, pranzo della domenica e biglietto di ingresso per l'evento. E' inoltre possibile che vengano consegnati dei gadgetE' possibile Prenotare una Stanza Singola?Certamente, basta segnalarlo nelle note. Il SOVRAPPREZZO di ‚Ç¨ 30 per una DUS dovr√† essere saldato all'arrivo in Hotel agli organizzatoriE' possibile scegliere il compagno di stanza? Certamente, √® sufficiente che indichiate nelle note con chi volete condividere la CameraE' possibile dormire in una TRIPLA?Si √® possibile. Il risparmio per una camera tripla √® di ‚Ç¨ 5 a persona (‚Ç¨ 15 in totale) che verranno rimborsate sul posto dagli organizzatoriE' possibile portare bambini all'evento?L'ingresso all'evento √® consentito solo a ragazzi +14 anniPerch√® l'importo del biglietto √® superiore a ‚Ç¨ 109,00?Perch√® la Piattaforma Eventbrite che utilizziamo per la vendita dei biglietti applica una tassa aggiuntiva che chiede come commissioneIl costo della Tassa di Soggiorno √® compresa nel biglietto?La Tassa di Soggiorno essendo una tassa che deve essere pagata in contanti alla struttura ricettiva e non √® applicabile ai residenti, dovr√† essere saldata in loco al momento del check inE' possibile partecipare SOLO LA DOMENICA?Potrebbe essere aperta la possibilit√† di un ticket per entrarte solo la domenica. Restate connessi per scoprire le novit√†",114.26,114.26,EUR,GREENWAY GLOBAL ITALY,https://schema.org/EventScheduled,2024-03-08T13:00:00Z,2024-03-17T22:30:00Z,Green Power Day - Green Tribe,Dai potenza al tuo Business in Greenway,https://www.eventbrite.it/e/biglietti-green-power-day-green-tribe-859376657717,roma
NA,Sold out,NA,NA,0,0,EUR,TERNANA MARATHON CLUB,https://schema.org/EventScheduled,2024-03-11T19:30:00Z,2024-03-11T21:30:00Z,Camminata soft del lunedi TMC,Camminata soft del lunedi,https://www.eventbrite.it/e/biglietti-camminata-soft-del-lunedi-tmc-720787343347,roma
